Title 1,cat 1,Title 2, Job description, Requirments,Link, catagories
Principal Assembler Developer,BMC Software,,תיאור משרה"At BMC trust is not just a word - it's a way of life!"We are an award-winning. equal opportunity. culturally diverse. fun place to be. Giving back to the community drives us to be better every single day. Our work environment allows you to balance your priorities. because we know you will bring your best every day. We will champion your wins and shout them from the rooftops. Your peers will inspire. drive. support you. and make you laugh out loud!We help our customers free up time and space to become an Autonomous Digital Enterprise that conquers the opportunities ahead - and are relentless in the pursuit of innovation!?We're looking for a Principal Assembler Developer to join our amazing IZOT team in Tel Aviv (hybrid).The IZOT product line includes BMC’s Intelligent Z Optimization & Transformation products. which help the world’s largest companies to monitor and manage their mainframe systems. The modernization of mainframe is the beating heart of our product line. and we achieve this goal by developing products that improve the developer experience. the mainframe integration. the speed of application development. the quality of the code and the applications’ security. while reducing operational costs and risks. We acquired several companies along the way. and we continue to grow. innovate. and perfect our solutions on an ongoing basis.In this role. you will lead the programming for products and solutions according to design specifications. You’ll have the opportunity to promote and initiate product innovation and to identify and implement best practices & processes.This is an amazing role that will allow you to work on a broad array of critical. unique issues and complex programs and solutions. You will also build prototypes and use other techniques to achieve product definition and design goals.So. if you’re looking for a development role with a lot of influence. opportunities. and challenges. If you love leading programming for complex products. If you love working with people from all around the world – BMC is the place for you!In this role. you will:Successfully develop and deliver products. product lines. and solutions ensuring functional accuracy and quality standards.Design. code. and fix defects of increasingly complex. multi-tier software solutions.Produce a range of high-quality design options. reflecting a wide breadth of technical knowledge and insight.Conduct code and design reviews.Make high-impact decisions; determine which development paths to pursue to deliver the greatest value.Evaluate new technologies/innovations and processes that could impact products/solutions including 3rd party releases.Work directly with global clients on complex product issues/escalations.Mentor/provide technical guidance to the development team.Leverage the skill sets of the entire team. take input and advice. combine pieces of information to produce a better answer.,דרישות התפקידRequirements:At least 12 years of experience with z/OS Processing Environment.At least 7 years of experience in IBM coding and development.Experience in a technical lead role. using an Agile development model.Extensive development experience using 64-bit Assembler and 31-bit Assembler programming languages.Experience with C.Coding experience in a multitasking. reentrant and/or sysplex environment.Experienced creating functional designs/specifications from business requirements.Experience with IBM Mainframe environment (TSO/ISPF. JCL etc.).Excellent knowledge of z/OS structure and logic including knowledge of z/OS operating system internals.Experience in developing working code utilizing low-level operating system functions to accomplish a desired task.z/OS Internals experience architecting complex operating system level solutions.In depth experience in troubleshooting complex problems at application and systems levels.· Self-starter with ability to work both independently and as a part of a team.Fluent English (written and verbal)Nice to have:Experience with TCP/IP and related networking protocols.Understanding of Linux on IBM Z and Unix System Services.Experience with monitoring tools for systems and subsystems in z/OS environments.Our commitment to you!BMC’s culture is built around its people. We have 6000+ brilliant minds working together across the globe. You won’t be known just by your employee number. but for your true authentic self. BMC lets you be YOU!If after reading the above. You’re unsure if you meet the qualifications of this role but are deeply excited about BMC and this team. we still encourage you to apply! We want to attract talents from diverse backgrounds and experience to ensure we face the world together with the best ideas!BMC is committed to equal opportunity employment regardless of race. age. sex. creed. color. religion. citizenship status. sexual orientation. gender. gender expression. gender identity. national origin. disability. marital status. pregnancy. disabled veteran or status as a protected veteran. If you need a reasonable accommodation for any part of the application and hiring process. visit the accommodation request page.,https://www.drushim.co.il/%D7%93%D7%A8%D7%95%D7%A9%D7%99%D7%9D-19982-bmc-software/,הייטק-תוכנה & מתכנת/ת & מהנדס/ת תוכנה & COBOLTitle 1,cat 1,Title 2, Job description, Requirments,Link, catagories
Senior Core Developer,פריוריטי סופטוור בעמ,,תיאור משרהAre you an experienced C++ developer with a passion for infrastructure/core services?We are seeking a talented developer to join our team! You will have the opportunity to play a key role in the design and implementation of our next generation Priority ERP core backend.,דרישות התפקיד• 7 years experience developing in C/C++• Experience designing. developing and maintaining back-end distributed system.• Experience in SQL• Strong problem-solving capabilities & analytical skills• Proficient English. both verbal and written• Excellent debugging skills of complex systems using various tools.• Experience with Go - AdvantageCome and work in a great team with a special atmosphere!,https://www.drushim.co.il/%D7%93%D7%A8%D7%95%D7%A9%D7%99%D7%9D-20953-%D7%90%D7%A9%D7%91%D7%9C-%D7%98%D7%9B%D7%A0%D7%95%D7%9C%D7%95%D7%92%D7%99%D7%95%D7%AA/,הייטק-תוכנה & C++ / C & BACKENDTitle 1,cat 1,Title 2, Job description, Requirments,Link, catagories
מפתח/ת Full Stack בכיר/ה לעבודה מול ארגון בטחוני,עוז תוכנה בע"מ,,תיאור משרההתפקיד כולל:- פיתוח מערכות וכתיבת קוד. בטכנולוגיות ה-Web לסוגיהן. כולל מערכות ל-Mobile. מוצרי תשתית מבוססי WEB. פיתוח לענן ועוד.- עבודה בכל מחזור חיי הפיתוח בשיתוף פעולה מול מגוון רחב של גופים וצוותים טכנולוגיים.- ליווי תהליך יצירת האפיון הפונקציונאלי. כתיבת האפיון הטכני ותמיכה בצוות המפתח עד השלמת הפרויקט.,דרישות התפקידדרישות:- לפחות 6 שנות ניסיון בפיתוח.- לפחות 5 שנות ניסיון בכתיבת קוד צד שרת משמעותי (Node.js / .Net / .Net core).- לפחות 3 שנות ניסיון בפיתוח קוד צד לקוח -Angular / React-שליטה ב Entity framework- ניסיון משמעותי בתפקידי הובלת פיתוח של מערכות WEB מורכבות טכנולוגית ובהנחיה של צוותי פיתוח ברמת Hands on.- ניסיון בכל מחזור חיי הפרויקט ובביצוע פיתוחים מורכבים במיוחד.- השכלה אקדמית רלוונטית.יתרון:- סיווג בטחוני בתוקף,https://www.drushim.co.il/%D7%93%D7%A8%D7%95%D7%A9%D7%99%D7%9D-2284810-%D7%A4%D7%A8%D7%93%D7%A1%D7%99%D7%94-%D7%A4%D7%A8%D7%95%D7%99%D7%A7%D7%98%D7%99%D7%9D/,הייטק-תוכנה & מפתח/ת WEB & FULL STACK & NET.Title 1,cat 1,Title 2, Job description, Requirments,Link, catagories
דרוש/ה FullStack Developer לחברה מובילה בדרום הארץ,Unitask,,תיאור משרה***יש גם משרת FS וגם משרת FE****הזדמנות להצטרף לחברה מובילה כעובד/ת חברה מהיום הראשון. לקחת חלק בעשייה משמעותית ופיתוחים מתקדמיםהתפקיד כולל:פיתוח מערכות תוכנה מורכבות ומבוזרותעיסוק בכל השלבים בתהליכי פיתוח התוכנה: אפיון ומעורבות בהנדסת המערכת. הגדרת דרישות. ממשקים. תכן תוכנה. יישום. הוכחה. אינטגרציה ותחזוקה.,דרישות התפקידניסיון מעמיק בפיתוח צד לקוח עם Angular (מינימום 5 שנים)- חובהניסיון בעבודה עם מתודולוגיות Agile - חובהניסיון בעבודה עם ארכיטקטורת Microservices- חובהמיומנות ב- NET. #C בצד שרת - יתרוןתואר ראשון רלוונטי - יתרוןהמשרה מיועדת לנשים ולגברים כאחד.,https://www.drushim.co.il/%D7%93%D7%A8%D7%95%D7%A9%D7%99%D7%9D-15256-unitask/,הייטק-תוכנה & FULL STACK & ANGULAR & FRONTENDTitle 1,cat 1,Title 2, Job description, Requirments,Link, catagories
RT Embedded engineer,קורן טק טכנולוגיות,,תיאור משרהעבור ארגון גדול ויציב באזור המרכז דרוש.ה RT Embedded engineer.התפקיד כולל עבודה על גבי מערכת הפעלה FreeRTOS עם מעבדי STM32.,דרישות התפקיד- תואר ראשון בהנדסת חשמל ואלקטרוניקה/תואר הנדסי אחר- ניסיון של 7 שנים לפחות בפיתוח Embedded עם C/C ++- ניסיון עם מערכת הפעלה FreeRTOS- ניסיון עם מעבדי ARM. עדיפות למעבד STM32- הכרות עם פרוטוקולי תקשורת UDP. UART. SPI. Ethernet. I2C- עבודה ב Multi Core (תקשורת בין מעבדים),https://www.drushim.co.il/%D7%93%D7%A8%D7%95%D7%A9%D7%99%D7%9D-10368-%D7%A7%D7%95%D7%A8%D7%9F-%D7%98%D7%A7-%D7%98%D7%9B%D7%A0%D7%95%D7%9C%D7%95%D7%92%D7%99%D7%95%D7%AA/,הייטק-תוכנה & RT / EMBEDDED & C++ / C & מתכנת/ת & הנדסה & מהנדסים כללי & מהנדס/ת חשמל & מהנדס/ת אלקטרוניקהTitle 1,cat 1,Title 2, Job description, Requirments,Link, catagories
מהנדס/ת תוכנה לחברה חדשנית בתחום הפוטו-וולטאי,אל-מור אנרגיות מתחדשות,,תיאור משרהלחברת טריגו. חברת בת של חברת אלמור אנרגיות מתחדשות דרוש/ה מהנדס/ת תוכנה.טריגו מפתחת מוצר קלינטק לשוק החקלאי-סולארי• מומחה/מומחית בהגדרת מוצר. ביזנס אנאלייסיס• מנוסה באינטגרציית תוכנה קיימת והתאמתה לצרכי החברה וצרכניה• שליטה בכתיבת קוד לפיתוח יישומי קצה פשוטים ואינטרפייס• יכולת לכתוב תיק מוצר ומניואל עבור צרכנים באנגלית• יכולת ניהול אופקית של שותפיםמשרה חלקית. עבודה מהבית/היברידי. מהנדס תוכנה/מערכות מידע/אלקטרוניקה,דרישות התפקידדרישות:• מהנדס תוכנה/מערכות מידע/אלקטרוניקה - חובה• רקע בענף החקלאות – יתרון,https://www.drushim.co.il/%D7%93%D7%A8%D7%95%D7%A9%D7%99%D7%9D-3492279-%D7%90%D7%9C%D7%9E%D7%95%D7%A8-%D7%90%D7%A0%D7%A8%D7%92%D7%99%D7%95%D7%AA-%D7%9E%D7%AA%D7%97%D7%93%D7%A9%D7%95%D7%AA/,הייטק-תוכנה & מתכנת/ת & ראש צוות פיתוח & מהנדס/ת תוכנהTitle 1,cat 1,Title 2, Job description, Requirments,Link, catagories
דרוש/ה מפתח/ת Sr. Backend עם ניסיון ב-Apache Druid,Medulla,,תיאור משרהסטארטאפ המפתח פלטפורמת MLOps לניהול מודלים וניסויים של AI ו-ML. המאפשרת לאנשי דאטה לשפר משמעותית את זמני הפיתוח ואיכות המודלים שלהם. מחפש מפתחי/ות תוכנה מנוסים בדגש על Data Engineering.ממוקמים בתל אביב על קו רכבת. עובדים רק יומיים מהמשרדים!,דרישות התפקידדרישות:- 8+ שנות בפיתוח תוכנה של מוצר SaaS. כולל ניסיון עם Data engineering- ניסיון עם הבאים חובה: Java. Apache Druid  יתרון:- היכרות עם טכנולוגיות כגון AWS. MYSQL. Redis. Cassandra. kafka. k8s. docker,https://www.drushim.co.il/%D7%93%D7%A8%D7%95%D7%A9%D7%99%D7%9D-746570-medulla/,הייטק-תוכנה & DATA ENGINEER & BACKEND & JAVATitle 1,cat 1,Title 2, Job description, Requirments,Link, catagories
Full Stack Team Lead,מונסייט,,תיאור משרהדרוש/ה Full Stack Team Lead למשרה עם 50-70% HANDS ON לתפקיד של ניהול צוות הפיתוח. לקחת אחריות מלאה על התוצרים ולהיות יד ימינו של הCTO.לחברה ותיקה בשוק הישראלי בעלת מעל 50 מוצרים טכנולוגים חדישים המתמחה בתחומי פתרונות OSS. אירועים. רשת. ניהול ביצועים ורמת שירות. מערכת. אבטחה. ניהול תצורה.,דרישות התפקידדרישות חובה8-10 שנות ניסיון בפיתוח HANDS ON.ניסיון ניהולי של לפחות שנתיים בניהול צוות של 3-5 אנשים. הכוונת מפתחים ופתרון בעיות.ניסיון של לפחות 3 שנים ב-Python – פיתוח Backend מערכות מידע עם לוגיקה עסקית מורכבתRESTFUL API.עיצוב ותכנון ארכיטקטורת מערכת.הקמה של סביבות ואוטומציה Linux. Containers. Micro-Servicesעבודה מול ממשקים וטכנולוגיות מגוונות. הגדרת דרישות תשתית ואינטגרציה.יתרוןBackend - REST API. Docker.Frontend - Vue.js/React Web Frameworks. JavaScript.הבנה של ארכיטקטורת מערכת וקונספט; עיצוב ופריסה. אינטגרציה בסביבות מורכבות כמו API Gateway Proxy. WAF. Content-Filters. Cloud & On-Prem.ניסיון בעבודה בענן.,https://www.drushim.co.il/%D7%93%D7%A8%D7%95%D7%A9%D7%99%D7%9D-24492-%D7%9E%D7%95%D7%A0%D7%A1%D7%99%D7%99%D7%98-%D7%AA%D7%95%D7%9B%D7%A0%D7%94/,הייטק-תוכנה & LINUX / UNIX & ראש צוות פיתוח & PYTHONTitle 1,cat 1,Title 2, Job description, Requirments,Link, catagories
אנליסט/ית לשרשרת אספקה,קבוצת יעל,,תיאור משרהלארגון בטחוני מוביל בצפון דרוש/ה אנליסטהתפקיד כולל:*ניתוח הBIG DATA של שרשרת אספקה ואיתור כשלים בתהליכים עסקיים וזיהוי פוטנציאל להתייעלות וחסכונות.*פיתוח דוחות תפעוליים ב BO כדי לתתן מענה לצרכים של המחלקות השונות בשרשרת אספקה.,דרישות התפקידSQL ברמה גבוההניסיון בפיתוח דוחות ב-BOניסיון קודם בתפקיד אנליטי,https://www.drushim.co.il/%D7%93%D7%A8%D7%95%D7%A9%D7%99%D7%9D-28853-%D7%99%D7%A2%D7%9C-%D7%AA%D7%95%D7%9B%D7%A0%D7%94/,הייטק-תוכנה & BITitle 1,cat 1,Title 2, Job description, Requirments,Link, catagories
מפתח/ת תשתיות בדיקות אוטומציה בכיר/ה,קורן טק טכנולוגיות,,תיאור משרהלחברת סטארט אפ בעולמות הAI. דרוש/ה מפתח/ת תשתיות בדיקות אוטומציה בכיר/ה.במסגרת התפקיד:- הקמת תשתית בדיקות אוטומציה- פיתוח תוכניות בדיקה- הובלה בקידום ויישום יוזמות אוטומציה בתוך צוות R&D על ידי טיפוח תרבות צוות שיתופית ומכוונת צמיחה.,דרישות התפקיד- תואר ראשון- במדעי המחשב. הנדסה או כל תחום קשור - חובה- 6 שנות ניסיון בתפקיד מהנדס/ת אוטומציה. רצוי בתעשיית הרכב. הרפואה או הביטחון.- שליטה ב- Python,https://www.drushim.co.il/%D7%93%D7%A8%D7%95%D7%A9%D7%99%D7%9D-10368-%D7%A7%D7%95%D7%A8%D7%9F-%D7%98%D7%A7-%D7%98%D7%9B%D7%A0%D7%95%D7%9C%D7%95%D7%92%D7%99%D7%95%D7%AA/,הייטק-תוכנה & מפתח/ת כלי בדיקות & הייטק-QA & בדיקות אוטומטיות & מהנדס/ת QA & מפתח/ת כלי בדיקותTitle 1,cat 1,Title 2, Job description, Requirments,Link, catagories
מיישם מערכות BI,MIA Analytics,,תיאור משרהלאחד מלקוחותנו דרוש מיישם מערכות BI למשרה מלאההתפקיד כולל בנית דוחות .תחזוקת הדוחות והשאילתות הקיימות. ביצוע שינויים ותוספות בהתאם לדרישות הלקוח,דרישות התפקידאקדמאי בעל תואר ראשון במדעי המחשב בעל 7 שנות ניסיוןניסיון של 3 שנים לפחות בכתיבת SQL ברמה גבוההידע ב-SAS. יתרוןהיכרות עם תהליכי ETLניסיון בארגון גדול בו יש מערכות רבות בטכנולוגיות שונות,https://www.drushim.co.il/%D7%93%D7%A8%D7%95%D7%A9%D7%99%D7%9D-1812584-%D7%9E%D7%99%D7%94-%D7%9E%D7%97%D7%A9%D7%91%D7%99%D7%9D/,הייטק-כללי & BI & מיישם/ת & הייטק-תוכנה & BI & PL \ SQL & DATA SCIENTISTTitle 1,cat 1,Title 2, Job description, Requirments,Link, catagories
Senior Software Architect,CodeValue,,תיאור משרהCodeValue is a leading software company delivering a full spectrum of software services that enable customers to focus on their core business activities.At CodeValue. we leverage the Web by administering cross-platform development. We strive to build and maintain our top-notch expertise in this extremely dynamic and versatile field.If you are a technological leader with the ability to see the big picture. a passion for coding. and a team player. you should apply for this position!As a Senior Software Architect at CodeValue. you will be responsible for:Drive architecture and design. as well as technology stack selection. During implementation. conduct design and code reviews as well.Lead projects and mentor other developers.Study. analyze. and determine scope and effort estimation for future projects.Develop prototypes. and POCs while tackling technological challenges in addition to production-ready code.Span across multiple platforms such as web apps. mobile apps. and back-end services.Integrate with all sorts of system parts. such as Elastic. Mongo. SQL Server. Redis. Kafka. RabbitMQ. etc.Work with cutting-edge technologies. such as React. VueJS. Angular 2+. React Native. NativeScript. Ionic. Redux. MobX. NodeJS. Nest. KOA. HAPI. Relay. GraphQL. SocketCluster. etc.Work alongside experts and leaders in the field.Work on various projects and enjoy diversity.Enjoy internal training programs to develop your professional skills.,דרישות התפקידB.Sc. in Computer Sciences/Computer Engineering/Mathematics or equivalent.At least 10 years of hands-on experience with Web development and/or Experience with server-side development (.NET/JAVA//NodeJS/Python)At least 2 years of hands-on experience with modern UI frameworks such as Angular 2+. React. VueJS.SW Architecture experienceExperience in a multidisciplinary company or/and complex environmentExcellent stakeholder management skillsTeam leadership experience – an advantage,https://www.drushim.co.il/%D7%93%D7%A8%D7%95%D7%A9%D7%99%D7%9D-1953469-codevalue/,הייטק-תוכנה & ארכיטקט/ית מערכת & ראש צוות פיתוח & מנהל/ת פיתוחTitle 1,cat 1,Title 2, Job description, Requirments,Link, catagories
מפתח.ת COBOL מנוסה,Malam מערכות,,תיאור משרהאנו מגייסים מפתח.ת COBOL לארגון מוביל ויציב הנמצא בתל אביב,דרישות התפקידניסיון של 10 שנים מינימום. בעבודה בתפקיד מפתח COBOL בסביבת M.F.ניסיון של 5 שנים מינימום . בתפקיד מפתח ב- CICS COBOLניסיון בעבודה עם בסיס נתונים ADABAS - יתרון,https://www.drushim.co.il/%D7%93%D7%A8%D7%95%D7%A9%D7%99%D7%9D-3930191-malam%D7%9E%D7%A2%D7%A8%D7%9B%D7%95%D7%AA/,הייטק-תוכנה & COBOLTitle 1,cat 1,Title 2, Job description, Requirments,Link, catagories
דרוש\ה Data Engineer – Tech Lead,Medulla,,תיאור משרהדרוש\ה Data Engineer – Tech Lead לסטרטאפ בתחום Securityמפתחים פלט' לאנשי סקיוריטי. כלי ניהולי לכל ההתרעות המאפשר עבודה טובה ויעילה יותר.ומאפשר בטיחות של המוצר ברמה גבוהה במיוחד.יושבים בת"א על קו רכבת. עובדים יום אחד מהבית.,דרישות התפקיד8 שנות ניסיון בפיתוחלפחות 4 שנות ניסיון כ Data Engineer בעולמות Big data & Cloudעדיפות ל AWSעדיפות לניסיון בפיתוח ב Python אך יש גמישות.,https://www.drushim.co.il/%D7%93%D7%A8%D7%95%D7%A9%D7%99%D7%9D-746570-medulla/,הייטק-תוכנה & CLOUD & DATA ENGINEER & BIG DATATitle 1,cat 1,Title 2, Job description, Requirments,Link, catagories
מפתח/ת FULL STACK,Malam מערכות,,תיאור משרהלארגון גדול ויציב מחפשים FULL STACK לפיתוח מערכות WEB .,דרישות התפקיד- בעל ניסיון של 4 שנים בפיתוח מערכות WEB מרובות משתמשים בANGULAR- בעל ניסיון של 4-7 שנים בפיתוח ב- .NET- ניסיון בפיתוח שירותי WebApi ו- WebServices- ידע וניסיון בעבודה מול json. xsl. xsd wsdl xml.,https://www.drushim.co.il/%D7%93%D7%A8%D7%95%D7%A9%D7%99%D7%9D-3930191-malam%D7%9E%D7%A2%D7%A8%D7%9B%D7%95%D7%AA/,הייטק-תוכנה & ANGULAR & C# & FULL STACKTitle 1,cat 1,Title 2, Job description, Requirments,Link, catagories
דרוש.ה DevOps Tech-Lead לחברה שעושה טוב במרכז הארץ,Medulla,,תיאור משרהלחברה במרכז הארץ ששמה לעצמה מטרה להפוך את העולם למקום קצת יותר טוב דרוש/ה DevOps Tech-Lead עם אופק ניהולי!!התפקיד מאתגר ומעניין והעבודה בסביבת AWS Cloud. Kubernetes.Terraform ועוד!***הזדמנות לסניורים להתקדם לטק ליד***דיווח ל VP R&Dהמשרה היברידית,דרישות התפקידמעל 5 שנות ניסיון כ DevOpsניסיון גם עם Windows and Linuxניסיון בעבודה בסביבת AWS and/or Azure Cloud services.ניסיון עם Docker Containers/Kubernetes.חובה ניסיון בשפות סקריפטים PowerShell or Bashהכרות טובה עם תהילכי CI/CD,https://www.drushim.co.il/%D7%93%D7%A8%D7%95%D7%A9%D7%99%D7%9D-746570-medulla/,הייטק-כללי & DEVOPS & CLOUDTitle 1,cat 1,Title 2, Job description, Requirments,Link, catagories
דרוש\ה C++ \ Rust Developer,Medulla,,תיאור משרהדרוש\ה C++ \ Rust Developerלסטארטאפ מדהים! בתחום AI שגייס סכום עצום בתקופה הכי קשה ונמצא בתנופת גיוס מטורפת.מפתחים DB המאפשר לבנות מוצרי בינה מלאכותית חכמים ומדויקים יותר. באמצעות שימוש בדאטה מורכב.יושבים בת"א על קו רכבת. עובדים היברידי.,דרישות התפקידמעל 4 שנות ניסיון בפיתוח ב C/ C++/ Go/ Rust עובדים בפועל עם Rustמילות הקסם הןStorage \ Distributed systems \ Performance optimization \ Data path \ Data Plainחובה ניסיון בפיתוח Core.תואר רלוונטיניסיון ב Cloud - יתרוןניסיון מחברות Storage \ Databases – יתרון.,https://www.drushim.co.il/%D7%93%D7%A8%D7%95%D7%A9%D7%99%D7%9D-746570-medulla/,הייטק-תוכנה & C++ / C & BACKEND & מהנדס/ת תוכנהTitle 1,cat 1,Title 2, Job description, Requirments,Link, catagories
Senior Backend Engineer,Medulla,,תיאור משרהלחברת סטארט אפ גלובאלית מצליחה ומבוססת בתל אביב. המפחתח מוצר מורכב ומעניין אוד בעולמות הפינטק דרוש/ה מפתח/ת Backend מנוסה.יושבים בתל אביב על קו הרכבת ועובדים היברידי (יש גמישות רבה! )תנאים מעולים!,דרישות התפקידניסיון של 8 שנים בפיתוח Backend - חובה!חובה ניסיון עם טכנולוגיות מתקדמות ב Cloud . Microservices .כותבים ב Scala - אין בעיה להגיע משפות אחרות.ניסיון מחברות סטארט אפ.,https://www.drushim.co.il/%D7%93%D7%A8%D7%95%D7%A9%D7%99%D7%9D-746570-medulla/,הייטק-תוכנה & מהנדס/ת תוכנה & BACKEND & SCALATitle 1,cat 1,Title 2, Job description, Requirments,Link, catagories
Senior Java Developer,RedPanda,,תיאור משרהAbout The PositionWe are looking for a Senior Java Developer to join our R&D team to design and develop a k8s microservices based platform for a big financial organization.ResponsibilitiesDesign and development of our k8s microservices solutionProduce highly scalable. high-quality software in a fast-paced environmentFind innovative solutions to challenging problemsMentor less experienced developersPerform code reviewsPromote AWS based solutionsMake sure correct tools are used to solve problemsDiagnose and debug issues in productionWork closely with other dev teams. QA and product,דרישות התפקידRequirements5+ years of experience with JavaHands-on experience with AWS servicesExperience working MySQL. MongoDB and RedisExperience with data structures. parallelism. scalability and high availabilityExperience with Microservices design patternsExperience with agile development life cycleMust have a passion for technology and qualityGood analytical and communication skillsExperience and deep understanding of web application developmentProficiency with object-oriented concepts & design patternsAdvantagesB.Sc. in computer sciences or a related disciplineExperience in the fin-tech industryExperience with messaging systems such as Kafka / SQS / RabbitmqFamiliarity with Big DataFamiliarity with security by design and OWASP,https://www.drushim.co.il/%D7%93%D7%A8%D7%95%D7%A9%D7%99%D7%9D-3838535-redpanda/,הייטק-תוכנה & JAVATitle 1,cat 1,Title 2, Job description, Requirments,Link, catagories
Senior Embedded Software Engineer,HighTech Company,,תיאור משרהThe job includes working with cutting edge technologies and platforms.,דרישות התפקידB.Sc. in EE / CE / CS or equivalent from a leading institute7+ year of experience in developing embedded software infrastructure and application for mass production consumer electronics products on bare metal and real time operating systemSolid understanding of hardware – software interactions in embedded systemsStrong programming skills in C / C++Knowledge in communication using interfaces as serial. ethernet. USB. wireless. etcFamiliarity with GIT and JIRAExcellent communication and teamwork skills,https://www.drushim.co.il/job/29496914/95129c50/,הייטק-תוכנה & RT / EMBEDDED & C++ / C & מהנדס/ת תוכנהTitle 1,cat 1,Title 2, Job description, Requirments,Link, catagories
Algorithm and Software Manager,HighTech Company,,תיאור משרהAs Algorithm and Software Manager at you will:" Manage a group of algorithm and software developers." Manage software development lifecycle. deliverables. performance. and vision." Mentor the team and assign them to different projects. tasks and deliveries. oversee the quality of the code." Recruit new talents and develop the group structure." Lead the development of advanced. creative. and novel solutions for complex problems in the smart energy domain using machine learning. times series forecasting. mathematical optimization. probability and statistics. hazard analysis. etc." o Lead and take part in defining architecture discussions and the division's technological roadmap and lifecycle." Manage the balance between delivering to customers within tight deadlines while continue to work on long-term goals." Work closely with the product team. development managers. the sales team. and the senior management." Customer-facing from initial sales and until final deliveries. Ready for overseas traveling." Communicate regularly with the customers and internal overseas teams." Lead and push forward the company's roadmap for algorithms and analytics.,דרישות התפקיד" M.Sc./ Ph.D. in computer science. electrical engineering. mathematics. or other applicable domains is expected." Degree in electrical engineering is highly advantageous." Knowledgeable in probability theory. machine learning. and statistics" 5+ years of experience in algorithm development. data science. and software development. Preferably in Python as well as another structured language such as C++. Java. or C#." 4+ years of experience in delivering to production." 3+ years experience with micro services architecture and distributed systems." 3+ years of experience in leading development teams." Experience with Agile and CI/CD methodologies and practices" Strong design. architecture. and problem-solving skills" Ability to build long-term plans and set alignment around goals and objectives." Strong communication skills." Can-Do and Hands-On approach." Great customer facing abilities." Presentation design skills (Hebrew & English).,https://www.drushim.co.il/job/29496857/c40df365/,הייטק-תוכנה & מפתח/ת אלגוריתמים & מנהל/ת פיתוח & מהנדס/ת תוכנהTitle 1,cat 1,Title 2, Job description, Requirments,Link, catagories
מיישם/ת BI לארגון וותיק בירושלים,Malam מערכות,,תיאור משרהלארגון וותיק בירושלים דרוש.ה מיישם.ת BIהעבודה בארגון יציב לטווח ארוך .,דרישות התפקיד7 שנות ניסיון בפיתוח BI5 שנות ניסיון בJAVA או בSCALA ברמה גבוהה3 שנות ניסיון בכתיבת SQL ברמה גבוהההיכרות עם PYTHON ותהליכי ETLניסיון של שנתיים לפחות בPwoer BI,https://www.drushim.co.il/%D7%93%D7%A8%D7%95%D7%A9%D7%99%D7%9D-3930191-malam%D7%9E%D7%A2%D7%A8%D7%9B%D7%95%D7%AA/,הייטק-כללי & BITitle 1,cat 1,Title 2, Job description, Requirments,Link, catagories
מנהל/ת פיתוח בכיר/ה בסביבת WEB - ירושלים,TCMCAREER,,תיאור משרהלארגון ממשלתי מוביל דרוש/ה מנהל/ת פיתוח בכיר/ה בסביבת WEB .ניהול צוותי פיתוח והובלה טכנולוגית וחדשנות.משרה מלאה בהר החוצבים.,דרישות התפקידניסיון של 8 שנים ומעלה בפיתוח תוכנה ב- NET .. .Net.core Angular 6 ומעלה.EF - Entity FRAMEWORK.ניסיון ב- IIS ופריסת מערכת בסביבת WEBמעל שנתיים ניסיון במערכות בארכיטקטורת Micro servicesניסיון שימוש ב- DIניסיון בעבודה עם בסיסי נתונים של ORACLEניסיון בפיתוח מערכות מידע מורכבות בתחומי משאבי אנושניסיון בניהול צוות פיתוח של 5 עובדים לפחות,https://www.drushim.co.il/%D7%93%D7%A8%D7%95%D7%A9%D7%99%D7%9D-10312-tcmcareer/,הייטק-תוכנה & ראש צוות פיתוח & מפתח/ת WEBTitle 1,cat 1,Title 2, Job description, Requirments,Link, catagories
(OS) מיישמ/ת SAP במודולים MM ו FI-CO,Elad Software,,תיאור משרהלאלעד מערכות דרוש/ה מיישמ/ת SAP במודולים MM/ FI-CO למשרה של 60% לארגון גדול !,דרישות התפקידניסיון של 7 שנים ומעלה ביישום SAP במודולים FI-CO / MM  ביצוע תפקיד יישום בלפחות 2 פרויקטים משלב האפיון ועד שלב עלייה לאווירניסיון מוכח באיסוף וניסוח דרישות משתמשיישום בפועל בגרסת SAP S/4HANA בתחום ההתמחות המפורט היכרות וניסיון מוכח באחר או יותר מודולים נוספיםמהמודולים הבאים : FI . MM . PM . RE . PS . DMS . WF . HR,https://www.drushim.co.il/%D7%93%D7%A8%D7%95%D7%A9%D7%99%D7%9D-6390-elad-group/,הייטק-כללי & מיישם/ת SAPTitle 1,cat 1,Title 2, Job description, Requirments,Link, catagories
CTO בתחום הBIG DATA למשרד ממשלתי בירושלים,רזאל מערכות,,תיאור משרהלמשרד ממשלתי בירושלים דרוש/ה CTO- ארכיטקט/ית מערכת- בתחום ה-BIG DATA,דרישות התפקידניסיון של 10 שנים לפחות כארכיטקט דאטה והובלת מימושים של ארכיטקטורות מתקדמות. הקמת פלטפורמות דאטה ואגמי נתונים בהיקפי מידע גדולים.מינימום 8 שנות ניסיון והתמחות מעשית בניהול ועבודה עם מאגרי מידע מורכבים. רילציונים ושאינם רילציונים.ניסיון במידול נתונים ועיצוב מסדי נתוניםניסיון בעבודה בסביבת פיתוח מודלים וממשקים מול data scientistsניסיון בתכנון ובניית ארכיטקטורה למוצרים ותשתיות בעולמות הדאטה.הובלת פרויקטים מקצה אל קצה וניהול צוותים טכנולוגיים (איסוף דרישות. תכנון תהליכי אינטגרציה. תהליכי טיוב ועיבודים. תכנון ממשקי משתמש.בקרה על איכות התהליכים)ניסיון בהתמודדות עם אתגרי אחסון נתונים וניהול מידע היסטורי. אתגרי אבטחת מידע. היכרות עם תשתיות IT. תקשורת. כלי תזמון תהליכים. הפרדת סביבות.ידע בעולם פיתוח תוכנה - חובהניסיון ועבודה מול כלים ותשתיות בענן – יתרון,https://www.drushim.co.il/%D7%93%D7%A8%D7%95%D7%A9%D7%99%D7%9D-9063-%D7%A8%D7%96%D7%90%D7%9C-%D7%9E%D7%A2%D7%A8%D7%9B%D7%95%D7%AA/,הייטק-תוכנה & ארכיטקט/ית מערכת & BIG DATATitle 1,cat 1,Title 2, Job description, Requirments,Link, catagories
Software Architect לחברה ביוקנעם!,Medulla,,תיאור משרהחולמים.ות על עבודה בצפון? נגד כיוון הפקקים?למרכז פיתוח ישראלי של חברה בינלאומית מבוססת . אשר מפתחת מוצר SAAS המאפשר ניטור תקלות מרחוק במכונות דרך הענן דרוש/ה Software Architect מנוסה לתפקיד מאוד חשוב ומרכזי בחברה יהיה הפוקל פויינט! לבניית ארכיטקטורה של פלטפורמה שתאגד בתוכה מספר מוצרים. עבודה רוחבית.החברה יושבת על קו הרכבת. ומאפשרים לעבוד יומיים מהבית :),דרישות התפקידתוא ראשון בהנדסת בתואר תוכנה/אלקטרוניקהלפחות 8 שנות ניסיון בפיתוח תוכנה מתוכן שנתיים של הובלת פיתוח מורכב ורב-תחומי.• ניסיון של 3 שנים לפחות כארכיטקט תוכנה• ניסיון מוכח בטכנולוגיות Cloud• ניסיון מוכח עם פלטפורמות Big data ותשתיות IT מורכבות,https://www.drushim.co.il/%D7%93%D7%A8%D7%95%D7%A9%D7%99%D7%9D-746570-medulla/,הייטק-תוכנה & ארכיטקט/ית מערכת & מנהל/ת פיתוח & מהנדס/ת תוכנהTitle 1,cat 1,Title 2, Job description, Requirments,Link, catagories
דרוש /ה Automation Tech Lead,Medulla,,תיאור משרהלחברה מעולה דרוש/ה Automation Tech Lead להשתלבות בצוות האוטומציה כיד ימינו של ראש הצוות. סיוע בכתיבת תשתיות אוטומציה. ביצוע Code reviews והובלה טכנית של חברי הצוות!******מתאים גם למפתחי C# שפתוחים לכתוב קוד לתשתיות אוטומציה***,דרישות התפקיד6+ שנות ניסיון באוטומציהניסיון בכתיבת תשתיות אוטומציהניסיון בסביבת ענן. Kubernetes. Dockerניסיון בסביבות Linuxניסיון בתחום ה-security - יתרון המשרה מיועדת לנשים ולגברים כאחד.,https://www.drushim.co.il/%D7%93%D7%A8%D7%95%D7%A9%D7%99%D7%9D-746570-medulla/,הייטק-QA & בדיקות אוטומטיות & מפתח/ת כלי בדיקותTitle 1,cat 1,Title 2, Job description, Requirments,Link, catagories
לארגון במרכז דרוש/ה מנהל/ת מדור פיתוח,Shavit Software,,תיאור משרה-עובד ומנהל מקצועי של צוות תכניתנים ומתכננים העוסקים בפיתוח ואחזקת תוכנה. בתחומי מערכות אירגוניות.-אחריות על תפעול בייצור של המערכות בתחומו. ניהול כלל הפעילות מול הלקוח.-קבלת משימות. פריטתן למשימות משנה. הקצאתן בצוות. פיקוח ובקרה על ביצוען.-שמירה על איכות התוצרים. עמידה בלו"ז והנהלים.-פיתוח fullStack בטכנולוגיות אנגולר וC.# עבודת פיתוח בריבוי פרויקטים.-דיווח לגורמים רלוונטיים על סטטוס התקדמות המטלות ו"הרמת דגלים" בעת הצורך.-ניהול צוות מפתחים לכל מחזור החיים של המערכות חדשות וקיימות.-הובלת תחומים טכנולוגיים במחלקה. הכנסה וקידום טכנולוגיות. כלים והכשרות חדשניים במחלקה .-עריכת code review תקופתי עם המפתחים.-שיפור וייעול תהליכי עבודה. בשלבים שונים של מחזור חיי המערכות. בדגש על פיתוח ותחזוקה,דרישות התפקידידע וניסיון 7 שנים לפחות בטכנולוגיות אנגולר ו-C# - חובהתפיסה מערכתית ויכולת ניתוח רחבה - חובהניסיון בניהול עובדים ופרויקטים - חובהניסיון בניתוח מערכות - יתרוןניסיון בעבודה מול משתמשים - חובהיחסי אנוש ברמה גבוהה. כושר ביטוי גבוה בכתב ובעל פה - חובההשכלה אקדמאית. רצוי במדעי המחשב/מערכות מידע/תעשיה וניהול - יתרון,https://www.drushim.co.il/%D7%93%D7%A8%D7%95%D7%A9%D7%99%D7%9D-114763-%D7%A9%D7%91%D7%99%D7%98/,הייטק-תוכנה & ANGULAR & C# & מנהל/ת פיתוחTitle 1,cat 1,Title 2, Job description, Requirments,Link, catagories
Principal Software Architect,Malam מערכות,,תיאור משרהleading enterprise company committed to innovation and technology-driven solutions. We are on the forefront of technology and embracing innovative technologies such as artificial intelligence. Generative AI. cloud computing and much more to revolutionize our services and enhance customer experiences.We are seeking a skilled Software Architect to join our CTO architecture team. We are looking for an architect with substantial expertise in software architecture. software design. enterprise integration and enterprise architecture. The ideal candidate should possess adept problem-solving skills and exhibit a passion for engineering.,דרישות התפקידProven experience (10+ years) in architecture/ senior leadership R&D roles. with a focus on software product development and integration - a mustProven experience of working in both Enterprise and tech companies - a mustStrong technical & leadership skillsKnowledge in the AWS cloud environment and capabilities - a must,https://www.drushim.co.il/%D7%93%D7%A8%D7%95%D7%A9%D7%99%D7%9D-3930191-malam%D7%9E%D7%A2%D7%A8%D7%9B%D7%95%D7%AA/,הייטק-תוכנה & ארכיטקט/ית מערכתTitle 1,cat 1,Title 2, Job description, Requirments,Link, catagories
C++ Technical Lead,HighTech Company,,תיאור משרהThe champion of today’s cyber defenders. providing operation-centric attack protection. Our Defence Platform moves beyond endless alerting to instead recognize. expose. and end malicious operations before they take hold. The company is an international company that defends the world's top brands in over 50 countries.Nice to knowOur Israeli site is located in Tel Aviv at Alon 1 tower. next to Hashalom train stationHybrid work model.Flexible working hours.Defined as a “Leader” in the 2022 Gartner™ Magic Quadrant for EPP.#1 in the 2022 MITRE ATT&CK™ Evaluations: 100% prevention. Visibility. and real-time protection.You’ll be part of our Endpoint core security groupWe are looking for a C++ Technical Leader to join our Behavioral Protection team. The team is responsible for developing detection engines based on ongoing behavior. which are a key objective of our multi-layered protection stack and our Next-Generation Anti-Virus product.We are looking for a versatile Software Engineer. with technical leadership experience. a can-do attitude. eager to learn new technologies and not afraid of diving into unknown fields.In this position you willWrite cross-platform and specific OS code for Windows. Linux. and Mac.Work tightly with our Security Research and with the Kernel teams to lead and develop features for our dynamic protection engines and conduct autonomous research.,דרישות התפקידBSc/MSc in Computer Science / Engineering from a leading University or equivalent military experience - a must.7+ years in C/C++ development. Experience in modern C++.Experience with OS internals.Positive attitude. team player. responsible. dedicated and passionate.Technical leadership experience. ability to own software projects from scratch to production. and to contribute and develop existing code base.Quick learner. willing to tackle new challenges and new technologies.Experience in the cyber security domain - an advantage.,https://www.drushim.co.il/job/29496667/80643112/,הייטק-תוכנה & C++ / C & ראש צוות פיתוח & מהנדס/ת תוכנהTitle 1,cat 1,Title 2, Job description, Requirments,Link, catagories
Senior PHP Developer,HighTech Company,,תיאור משרהWe are offering superb career growth opportunities. great compensation and benefits.,דרישות התפקיד· 6+ years overall experience as a software developer - MUST· At least 3 years of PHP HO development - MUST· At least 3 years of JavaScript. CSS & HTML5 - MUST· At least 2 years working with code versioning tools e.g. Git or Gitlab - MUST· At least 2 years with SQL databases - MUST· Excellent English communication skills. including comfort with speaking and formal writing - MUST· Experienced as developer from A product-based company is a huge advantage· Knowledge of Vue.js/Ember.js is an advantage· Experience with Laravel or Yii is an advantage· A real team player,https://www.drushim.co.il/job/29496724/c73b9a6e/,הייטק-תוכנה & PHP & מהנדס/ת תוכנה & JAVASCRIPTTitle 1,cat 1,Title 2, Job description, Requirments,Link, catagories
מנהל.ת פרויקט החלפת מערכות ERP ו HR,Elad Software,,תיאור משרהאלעד מערוכת דרוש/ה מנהל/ת פרויקט ERP  IHR לארגון מוביל!התפקיד כולל התפקיד כולל ניהול הפרויקט משלביו הראשונים ועד השלמתו – מ. א' ועד ת':מיפוי תכולה לפרויקט. בחינת חלופות ליישום הפרויקט. ליווי ההליך המכרזי לבחירה ובחירת חברת יישום לפרויקט .מיגרציית מערכות ארגוניות לסוויטה עננית.ניהול וליווי פרויקט היישום. ייעוץ בנושא ארכיטקטורת מערכות מידע ועודמשרה מלאה ברחובות על קו רכבת !,דרישות התפקידלפחות 15 שנות ניסיון. במצטבר. בניהול הקמת פרויקטי ERP ניסיון בתפקיד מנהל פרויקט לפחות ב- 3 פרויקטי יישום מערכת אורקל ERP בארגונים שונים.ידע. הכרות וניסיון עם ERP של אורקל הן ב- (Oracle EBS מערכת ) on prem והן בענן (Fusion - ו HCM)הכרות מעמיק את צד הספק(אורקל ) - מבחינת מודולי רישוי. התנהלות אדמיניסטרטיבית מולם בהיבטי מו"מ. חוזים והתקשרויות. מבני המודולים הקיימיםו תכולתם וכו'.,https://www.drushim.co.il/%D7%93%D7%A8%D7%95%D7%A9%D7%99%D7%9D-6390-elad-group/,הייטק-כללי & מנהל/ת פרויקטים & הייטק-תוכנה & תוכניתן/ית ERP / CRM