Title,Company,Job description,Requirements,Categories,Link
קריירה בעולמות ה-DevOps! ההכשרה על חשבוננו,Infinity Labs,"תיאור משרה Infinity Labs RnD, חברת פיתוח ומחקר מובילה, מגייסת מועמדים לתפקיד DevOps – אחד מהמקצועות הנחשקים בעולם ההייטק. החברה פיתחה מסלול ייחודי: DevOps Pro הכולל הכשרה אינטנסיבית וממוקדת שאורכת כ-22 שבועות. ההכשרה שלנו לא מבוססת על מרצים ושקפים, אלא משימות ואתגרי ניסוי וטעייה המקבילים למשימות יומיומיות בתעשייה בליווי צוות מנטורים.  במסלול ה-DevOps Pro תקבלו את כל הכלים המקצועיים ומשימות המקבילות לאתגרים היום-יומיים של אנשי DevOps. - ההכשרה בשיטת Hands-On - התמקצעות בשפות פיתוח בעולמות ה-System - עבודה בכלי CI\CD ו-SDLC - כלי ניהול קוד וגרסאות - שיטות בדיקה מורכבות - בניית תהליכים באמצעות דוקרים  בסיום ההכשרה תוכלו להשתלב בתפקיד DevOps באחת מחברות ההייטק והסטארט-אפים המובילים בישראל, בהם משתלבים מדי שנה בוגרים ובוגרות שלנו. ההכשרה על חשבון אינפיניטי לאבס ורק כאשר אתם מתקבלים בהצלחה למשרה, אנחנו מחזירים את ההשקעה בכם ויכולים לקיים מודל רווח. כלומר, ההצלחה שלנו בהכרח שווה להצלחה שלכם!",דרישות התפקיד - דרוש/ה ידע בסיסי בכתיבת קוד/IT - זיקה טכנולוגית ויכולת לפתור בעיות לוגיות והתמודדות עם משימות מורכבות - תנאים מעולים ואפשרויות פיתוח אישי ומקצועי למתאימים/ות - מוטיבציה גבוהה להיכנס לעולם ההייטק - ההכשרה ניתנת ללא עלות למתאימים,הייטק-כללי & איש/ת IT & HELP DESK / תמיכה & מנהל/ת רשת,https://www.drushim.co.il/%D7%93%D7%A8%D7%95%D7%A9%D7%99%D7%9D-1999924-infinty-labs/
DevOps Engineer,קורן טק טכנולוגיות,"תיאור משרה לחברה בינלאומית בתחום פתרונות אלקטרוניקה מתקדמים עבור יצרני שבבים, דרוש/ה DEVOPS ENGINEER. במסגרת התפקיד: - יישום תהליכי CI/CD אוטומטיים. - ניהול תצורה ושדרוגים של כלים. - ניהול סביבות בנייה ו-Releases. - הגדרת מתודולוגיות פיתוח, CI/CD ופריסה. - תמיכה בצוות הפיתוח. - הגדרת ופיתוח מדדי איכות.","דרישות התפקיד - 5+ שנות ניסיון כ-DevOps. - ניסיון עם GitHub, Azure DevOps, Jenkins, Kubernetes ועוד. - ידע בסקריפטים (PowerShell, Python, Bash/Shell). - ניסיון במערכות הפעלה (Windows, Unix, Linux). - ניסיון בבנייה ותצורה של תשתיות (Terraform, Pulumi, Ansible).",הייטק-כללי & DEVOPS & DEVOPS & הייטק-תוכנה & DEVOPS & DEVOPS,https://www.drushim.co.il/%D7%93%D7%A8%D7%95%D7%A9%D7%99%D7%9D-10368-%D7%A7%D7%95%D7%A8%D7%9F-%D7%98%D7%A7-%D7%98%D7%9B%D7%A0%D7%95%D7%9C%D7%95%D7%92%D7%99%D7%95%D7%AA/
איש/ת DEVOPS,- חסוי -,"תיאור משרה קבוצת יעל מגייסת  Devops Engineer למגוון פרויקטים חדשניים בארגונים מהמובילים במשק הישראלי!  תיאור התפקיד: - התקנה ניהול תפעול ותחזוקה של קוד תשתיתי בסביבות ענן הכוללות LINUX \ WINDOWS ברמה האפליקטיבית והתשתיתית.  - עבודה שוטפת עם כלי- Git ,Bitbucket,Jenkins,Sonarqube ,Artifactory ,Ansible, Docker,Nginx - הובלת תהליכים חדשניים ומגוונים מול גורמים בארגון- פיתוח, תשתיות, אבטחת מידע ועוד..  - כתיבת סקריפטים ואוטומציות- python, Bash, PowerShell.","דרישות התפקיד - ניסיון של 3 שנים ומעלה בתפקידי DEVOPS. - הכרות וניסיון בתהליכי CICD –חובה - ניסיון בעבודה בסביבת ענן- AWS/ GCP/ AZURE- חובה.  - יכולת מוכחת בכתיבת קוד בשפות הבאות- Python ,Bash ,Batch, Powershell ,Groovy ( C# יתרון גדול). - נסיון HandsOn בכלים הבאים-Git,Bitbucket,Jenkins,Sonarqube,Artifactory,Ansible,Docker,Nginx. - הכרות וניסיון קודם בתחום הפיתוח/ תשתיות יהווה יתרון למשרה.",הייטק-תוכנה & DEVOPS & C# & LINUX / UNIX,https://www.drushim.co.il/job/30523636/6a4bf137/
DevOps Engineer,matrix,"תיאור משרה We are seeking a skilled DevOps Engineer with a strong focus on Cloud Architecture to join our dynamic team. This role involves designing and implementing cloud-based solutions, ensuring efficient CI/CD processes, and maintaining robust server and network infrastructures. ;Responsibilities Key: Design and implement scalable and reliable cloud architectures, primarily using AWS and Azure platforms. Develop and maintain CI/CD pipelines to streamline deployment and integration processes. Manage Kubernetes environments to ensure high availability and optimal performance of applications. Provide expertise in software architecture, contributing to the development of resilient and efficient systems.","דרישות התפקיד Proven experience as a DevOps Engineer with a focus on Cloud Architecture. Strong knowledge of AWS and Azure cloud platforms. Proficiency in CI/CD tools and practices. In-depth understanding of Kubernetes and container orchestration. Solid background in software architecture, server management, and network infrastructures. Excellent problem-solving skills and ability to work in a fast-paced environment. Relevant certifications in AWS, Azure, or Kubernetes are a plus",הייטק-תוכנה & DEVOPS & PYTHON & CLOUD,https://www.drushim.co.il/%D7%93%D7%A8%D7%95%D7%A9%D7%99%D7%9D-4002277-%D7%A4%D7%99%D7%A0%D7%98%D7%A7/
DevOps Engineer,CodeValue,"תיאור משרה We are hiring an experienced DevOps Engineer to help us keep growing.  At CodeValue, we leverage the Web by administering cross-platform development. We strive to build and maintain our top-notch expertise in this extremely dynamic and versatile field.  If you're dedicated and ambitious, CodeValue is an excellent place to grow your career. Don't hesitate to apply.  As a DevOps Engineer at CodeValue, you will be responsible for:  * Establishment, development, and ongoing operation of cloud infrastructures serving developers. * Utilize and configure advanced cloud-based solutions to support system development and deployment. * Explore and integrate new solutions for various infrastructure-related matters * Providing support for resolving complex issues. * Assisting in the implementation and deployment of complex projects in the cloud environment.","דרישות התפקיד 2+ years of experience working with cloud infrastructures Experience with AWS/GCP- Must Experience with Linux- Must Expertise in setting up and maintaining Kubernetes infrastructure, establishing CI/CD pipelines, and version control management in GitHub. Experience in Python coding, bash scripting, and Terraform. Ability to analyze and troubleshoot complex issues. Capability to work independently and as part of a team. Excellent interpersonal skills and ability to collaborate with various professional stakeholders.",הייטק-כללי & DEVOPS & CLOUD & תשתיות & DEVOPS & CLOUD & הייטק-תוכנה & DEVOPS & CLOUD & DEVOPS & CLOUD,https://www.drushim.co.il/%D7%93%D7%A8%D7%95%D7%A9%D7%99%D7%9D-1953469-codevalue/
לארגון מוביל בתחומו דרוש/ה איש DEVOPS,- חסוי -,"תיאור משרה לארגון מוביל בתחומו במתחם הבורסה בר""ג, נדרש איש DEVOPS! עם רצון ורעב להתפתח בתחום.",דרישות התפקיד - לפחות שנה ניסיון בתחום ה-DEVOPS (אפשרי ניסיון צבאי)- חובה - ניסיון בתהליכי CI/CD - ניסיון בעבודה עם KUBERNETES- חובה - רצון ורעב להתפתח בתחום לטווח הרחוק,הייטק-כללי & DEVOPS & DEVOPS & הייטק-תוכנה & DEVOPS & DEVOPS,https://www.drushim.co.il/job/30648143/2474fa24/
DevOps Engineer,BMC Software,"תיאור משרה BMC is looking for an Experienced DevOps Engineer (with a focus on the Dev part) to join our amazing SaaS team, responsible for taking our product to the next level of working in SaaS, while developing the infrastructure for SaaS solutions using advanced technologies.  In this role, you will develop and maintain efficient and reliable DevOps functions for the Control-M product, while working as a part of an awesome DevOps team. You will also collaborate with various interfaces, such as development, QA, Support etc.  How will your day-to-day look like? Participate in supporting code, configuration management, and release branches using CI/CD tools. Write scripts in Python, Groovy and Terraform to build AWS infrastructure. Support production environments. Deploy Microservices on Kubernetes with Helm / Kubectl tool. Work as a part of a fantastic team of professional DevOps Engineers while working with advanced technologies. Collaborate with internal interfaces, such as development QA, SRE, etc.","דרישות התפקיד Requirements: 3+ years of experience in a DevOps role Experience in coding and scripting in Python Experience in SaaS architecture development in an AWS platform Experience in Docker, Kubernetes, helm, Terraform and Jenkins. Knowledge of automation process, automation tools, continuous integration, and continuous delivery. Problem-solver with an investigative mentality. Self-starter with initiative and a can-do attitude. A team player with good communication & collaboration skills  Nice to Have: Using “infrastructure as code” for AWS like CloudFormation. Experience in Operational and operability tools like DataDog. Involvement in all the chain of development – from design to production. B.Sc. in Computer Science or a related field",הייטק-תוכנה & DEVOPS,https://www.drushim.co.il/%D7%93%D7%A8%D7%95%D7%A9%D7%99%D7%9D-19982-bmc-software/
מנהל/ת פיתוח וישומי DevOps,"עוז תוכנה בע""מ","תיאור משרה דרוש/ה מנהל/ת פיתוח לארגון פיננסי גדול (העבודה ב 2 סייטים שונים ת""א ולוד) תיאורהתפקיד: - ניהול ואחריות על כל תהליכי הפיתוח בתוכנית האצה דיגיטלית בארגון. - עבודה שוטפת עם מנהל הפיתוח מטעם הספק. - מתן סיוע הכולל תמיכה טכנולוגית, ארגונית ומקצועית לצוותי הפיתוח בפרויקט. - יזום רעיונות לחדשנות ופונקציונליות חדשה. - דיווח למנהל התוכנית על סטטוס התקדמות הפיתוח ו""הרמת דגלים"" בעת הצורך. - מעקב אחר ישום החלטות על ידי צוותי הפיתוח. - בקרה על תכנון המערכות וצורת הפיתוח (צורך מול שימוש, תכנון עתידי ורב שימושיות). - בקרה על איכות כתיבת הקוד. - בקרה על איכות התוצרים, עמידה בלו""ז ובנהלים.","דרישות התפקיד - ניסיון של 5 שנים (מינימום),בניהול גופי פיתוח ותהליכי פיתוח מקבילים - חובה. - ידע נרחב ומוכח במערכות דיגיטל ותשתיות מיקרוסרויסים - חובה. - ידע נרחב ומוכח בהטמעה והיכרות עם כלים ותהליכי CI/CD - חובה. - עבודה בשיטת פיתוח אג'ילית, עם היכרות לעולמות ה Waterfall - חובה. - בעל/ת תפיסה מערכתית ויכולת ניתוח רחבה - חובה. - עבודה מול משתמשים ועבודה מול ספקים - חובה. - יכולת ניהול והנעת עובדים של צוותי פיתוח - חובה.",הייטק-תוכנה & מנהל/ת פיתוח & ראש צוות פיתוח & PROGRAM MANAGER & הייטק-QA & מנהל/ת QA,https://www.drushim.co.il/%D7%93%D7%A8%D7%95%D7%A9%D7%99%D7%9D-2284810-%D7%A4%D7%A8%D7%93%D7%A1%D7%99%D7%94-%D7%A4%D7%A8%D7%95%D7%99%D7%A7%D7%98%D7%99%D7%9D/
אחראי/ת מערכות תשתית system,NGSoft,תיאור משרה לארגון פיננסי גדול ומוביל דרוש/ה אחראי/ת מערכות תשתית system,דרישות התפקיד - 3 שנות ניסיון עבודה בתפקיד system Linux בארגון גדול. - לפחות 3 שנות נסיון עם עולם קוברנטייס (K8S ואו OPENSHIFT) - חובה! - נסיון בכתיבת HELM.  - נסיון ועבודה על כלי DevOps.  - הכשרות מקצועיות בתחומים הרלוונטים לתפקיד,הייטק-כללי & איש/ת IT & DEVOPS & DEVOPS & הייטק-תוכנה & DEVOPS & LINUX / UNIX & DEVOPS,https://www.drushim.co.il/%D7%93%D7%A8%D7%95%D7%A9%D7%99%D7%9D-19502-ngsoft/
מומחה/ית GCP,matrix,"תיאור משרה חטיבת ה DevOps של מטריקס מגייסת במסגרת פרויקט ""נימבוס"" מומחי ענן בדגש על GCP להצטרף לפרויקט לאומי במשרדי החברה במודיעין",דרישות התפקיד ניסיון של ארבע שנים ומעלה בענן GCP ניסיון מעשי עם כלי האבטחה כגון ניהול זהויות וגישה בענן ידע באבטחת תהליכי  CICD כולל שימוש ב GKE כתיבת סקריפטים בשפות Python/ Bach היכרות עם ארכיטקטורת רשת ענן,הייטק-תוכנה & DEVOPS,https://www.drushim.co.il/%D7%93%D7%A8%D7%95%D7%A9%D7%99%D7%9D-4002258-%D7%90%D7%95%D7%98%D7%95%D7%9E%D7%A6%D7%99%D7%94%D7%95-devops/
מומחה.ית TELCO CLOUD,Partner,"תיאור משרה תפקיד המשלב CLOUD, NETWORK , DEVOPS תפעול שוטף של מערך Telco Cloud של הארגון ניהול ותפעול אירועי כשל נקודתיים ומערכתיים אל מול ממשקים פנימיים ויצרנים חיצוניים הקמה והרחבת מערך תשתיות ה Telecom בהתאם לצורכי הארגון","דרישות התפקיד שנתיים ניסיון עם מערכת הפעלה Linux חובה שנתיים ניסיון בפתרונות וירטואליזציה (vSphere, Open Stack, KVM, ESXI) - -חובה שנתיים ניסיון בתקשורת Layer2/3 וניסיון מעשי בעבודה עם מתגים, נתבים, Access-List, NAT ו- FW - חובה ידע והכירות עם פתרונות ענן (Kubernetes, Docker Containers) – -יתרון משמעותי ידע והיכרות עם פתרונות אחסון (SAN), יתרון משמעותי ל- SDS Cepf - יתרון ידע וניסיון בכלי אוטומציה ושפות תכנות, כגון Ansible ו- Python -יתרון",הייטק-תוכנה & DEVOPS & PYTHON & CLOUD,https://www.drushim.co.il/%D7%93%D7%A8%D7%95%D7%A9%D7%99%D7%9D-1946781-%D7%A4%D7%A8%D7%98%D7%A0%D7%A8/
FinOps Engineer,CodeValue,"תיאור משרה CodeValue is a leading software company delivering a full spectrum of software services that enable customers to focus on their core business activities.  Our employee's works with the latest technologies and builds advanced systems using cutting-edge technologies.  We deliver tailor-made innovative solutions and services ranging from focused product and technology analysis to comprehensive development and in-depth consultancy.  Our solutions address varied needs across every domain, from startups and mid-size firms, government agencies, public and private enterprises, and global corporations.  We are seeking a highly motivated FinOps Engineer to join our team.","דרישות התפקיד * 1-2 years of DevOps/FinOps/cloud optimization/cloud cost management experience. * Strong understanding of cloud (Azure, AWS, Google Cloud) services, discount programs and usage optimization techniques. * Excellent verbal, written and interpersonal communication skills in both technical and non-technical contexts. * BSc in finance or an engineering field - an advantage **Participation in the company's FInOps Bootcamp training is required**",הייטק-כללי & DEVOPS & CLOUD & תשתיות & DEVOPS & CLOUD & הייטק-תוכנה & DEVOPS & CLOUD & DEVOPS & CLOUD,https://www.drushim.co.il/%D7%93%D7%A8%D7%95%D7%A9%D7%99%D7%9D-1953469-codevalue/
(ON) מפתח.ת Angular מנוסה,Elad Software,"תיאור משרה מה תעשו אצלנו? תפתחו ותתמקצעו במגוון פלטפורמות ושפות מול מנתחי המערכות ומנהלי הפרויקטים האחראים. תעסקו בהטמעת טכנולוגיות חדשות, בפיתוח של אלגוריתמים מורכבים, ממשקי משתמש ותהליכים רוחביים הנוגעים בכלל מערכות המידע הארגוניות, כל זאת בתוך שימוש במתודולוגיות מתקדמות, בתהליכי DevOps מלאים, ובשיתוף עם צוותי הפיתוח האחרים, התשתיות ואבטחת מידע שבארגון.",דרישות התפקיד מה אנחנו מחפשים? מינימום 5 שנות ניסיון בפיתוח Front End/ Web - חובה לפחות 3 שנות ניסיון פיתוח ב-ב-Angular גרסה 12 ומעלה - חובה ניסיון פיתוח ב-NODEJS - יתרון משמעותי ניסיון בעבודה עם GIT,הייטק-תוכנה & ANGULAR & מפתח/ת WEB & FRONTEND,https://www.drushim.co.il/%D7%93%D7%A8%D7%95%D7%A9%D7%99%D7%9D-6390-elad-group/
Cyber Security Architect לארגון פיננסי,קבוצת Aman,תיאור משרה ארגון מוביל בתחום הפיננסי מגייס ארכיטקט/ית אבטחת מידע. אל תפספס/י הזדמנות להתפתח ולהיות חלק מצוות מוביל ומקצועי שעוסק בלב תעשיית אבטחת המידע. המשרה ממוקמת בתל אביב,"דרישות התפקיד ניסיון של 3 שנים ומעלה בתחום אבטחת המידע לרבות: אפיון וכתיבת מסמכי דרישות אבטחת מידע למערכות מידע, עבודה בסביבה מונחת רגולציה ותקני אבטחת מידע, עבודה עם גופים בתחום הפיננסי, ליווי פרויקטי מחשוב בהיבטי אבטחת מידע / ייעוץ אבטחת מידע בפרויקט. ניסיון ויכולת לחבר את עולמות אבטחת מידע וענן. עדיפות ל- AWS. ניסיון מבוסס לפחות בשלושה מהתחומים: 1. Mobile and WEB application security 2. API (OWASP) 3. ציוד תקשורת לרבות LAN, WAN, הצפנה. 4. ציוד הגנה (WAF IPS FW וכו') 5. מערכות ESB, ניהול תורים ותהליכים, שינוע קבצים, מוצרי אוטומציה DevOps 6. תשתיות מידע ואנליטיקה BigData, DWH, Cloud 7. עבודה בענן SaaS/PaaS/IaaS 8. תשתיות ליבה MF  השכלה: תואר אקדמי או טכנאי / הנדסאי במגמות מחשוב וטכנולוגיה - חובה הסמכה רלוונטית בתחום אבטחת המידע: CISSP, CICISO, CISM, CISA, CRISC - יתרון קורס CISO ממוסד מוכר – יתרון",הייטק-כללי & מומחה/ית אבטחת מידע & מנהל/ת פרויקטים,https://www.drushim.co.il/%D7%93%D7%A8%D7%95%D7%A9%D7%99%D7%9D-23333-%D7%A7%D7%91%D7%95%D7%A6%D7%AA-%D7%90%D7%9E%D7%9F/
experienced Q.A specialist,מגל מערכות בטחון,"תיאור משרה Job Overview: We are looking for a highly motivated and experienced quality assurance specialist to join our small agile team and make a big impact, take an important part in automating the testing process of our next generation Command and Control software, FortisX. As a member of our team, you will be responsible for develop and execute overall testing strategies including manual test plans, test automation, build test cases and reports.","דרישות התפקיד Responsibilities: • Define, develop and implement quality assurance practice, test plan and procedures • Execute manual as well as automated test cases and analyze results • Detect, analyze and report application bugs • Work closely with both developers and business analysts/architects to understand application features • Gather and analyze the teams’ quality statistics • Help troubleshoot production issues  Skills and qualifications: • At least 4 years of practical experience with manual and/or automated testing • Knowledge of software QA methodologies, tools, and processes • Experience in desktop front and back end testing • Experience in stress and load testing • Understanding of complex, multi components system architecture • Experience with Azure Devops – Advantage • Experience with leading QA team - Advantage",הייטק-QA & איש/ת QA,https://www.drushim.co.il/%D7%93%D7%A8%D7%95%D7%A9%D7%99%D7%9D-666979-%D7%9E%D7%92%D7%9C-%D7%9E%D7%A2%D7%A8%D7%9B%D7%95%D7%AA-%D7%91%D7%98%D7%97%D7%95%D7%9F/
ראש צוות Full Stack,"עוז תוכנה בע""מ","תיאור משרה לאגף מערכות מידע בחברה פיננסית גדולה ומתקדמת דרוש/ה ראש צוות פיתוח Full Stack  • ניהול צוות פיתוח של 5-7 מפתחים והובלה טכנית בתחום. • Hands On – לפחות 50% משרה • תכנון ארכיטקטורות פתרון, כתיבת אפיונים טכניים מדרישות עסקיות ופירוק משימות לצוותי הפיתוח • הובלה והטמעה של פתרונות טכנולוגים ותהליכי פיתוח מתקדמים (unit tests, integration tests). • עבודה מול ממשקים - משתמשים עסקיים, מנהלי פרויקטים, צוותי פיתוח, צוותי בדיקות • עבודה במתודולוגיית Agile","דרישות התפקיד • לפחות 5 שנות ניסיון בפיתוח Full Stack • 2-3 שנות ניסיון בניהול צוות פיתוח ותהליכי פיתוח מקבילים • תואר ראשון במדעי המחשב • ניסיון ב- java + spring ו spring boot • ניסיון בקליינט web : react/angular, material ui, css • ניסיון מעשי בעבודה מול בסיס נתונים רלציונים, לא רלציונים ובעבודה עם cache db (redis או אחרים) • ניסיון בתכנון וכתיבה של API's (REST) ואינטגרציה עם מערכות שונות • ידע / ניסיון בטכנולוגיות פיתוח מתקדמות (micro services, containers etc.) • ידע ב-client devops (webpack, bubble, node.js, nx) ועבודה בענן – יתרון • ידע באחת מהטכנולוגיות הבאות- KAFKA ,RabbitMQ ,Splunk יתרון  עצמאות, מחויבות גבוהה, יכולת עבודה עצמאית ותחת לחץ, יוזמה, יכולות בינאישיות להנעת עובדים וניהול ממשקים מורכבים. בהצלחה!",הייטק-כללי & משרות הייטק כללי & איש/ת מערכות מידע & הייטק-תוכנה & JAVA & ראש צוות פיתוח & REACT,https://www.drushim.co.il/%D7%93%D7%A8%D7%95%D7%A9%D7%99%D7%9D-2284810-%D7%A4%D7%A8%D7%93%D7%A1%D7%99%D7%94-%D7%A4%D7%A8%D7%95%D7%99%D7%A7%D7%98%D7%99%D7%9D/
קריירה בפיתוח תוכנה-אנחנו דואגים למשרה בסוף ההכשרה,Infinity Labs,"תיאור משרה חברת אינפיניטי לאבס הכשירה ושיבצה בתעשייה מעל 2,000 אנשי פיתוח תוכנה, סייבר ו-DevOps, שהיום מהווים את עמוד התווך בחברות הישראליות והבינלאומיות המובילות בתעשיית ההייטק והביטחון. המודל העסקי שלנו מבוסס על שותפות: ההכשרה על חשבוננו למתאימים – רק כאשר אתם מתקבלים בהצלחה למשרות פיתוח תוכנה, אנחנו מחזירים את ההשקעה בכם ויכולים לקיים מודל רווח. למחלקת הלקוחות שלנו ולמנטורים מטרה אחת-למצוא לכם את המשרה המתאימה עוד בזמן ההכשרה לתפקידים הדורשים 2-3 שנות ניסיון בקרב אחד מ-300 לקוחות החברה. במסלולי הקריירה שלנו הלמידה מבוססת Hands-On, פרויקטים המדמים יום בתעשייה בצוותי פיתוח בשילוב מחקר תיאורטי מעמיק. ההכשרה צוללת לעומק: - ארכיטקטורת תוכנה - כתיבת תשתיות - פרדיגמת פיתוח מבוססת Agile - היכרות יסודית עם מערכות הפעלה, קוד קרנל, ניהול, Soft-Skills ועוד. כל אלו יעניקו לכם הבנה ופיתוח של טכנולוגיות משתנות וורסטיליות לאורך כל הקריירה. כך שתוכלו לדלג בין כל טכנולוגיה שהיא ולפתור כל בעיה ופרויקט.","דרישות התפקיד * תנאים מעולים ואפשרויות פיתוח אישי ומקצועי למתאימים/ות * לא נדרש ניסיון קודם בתכנות, הכשרה למשרה על חשבון החברה * אפשרות למלגות קיום בזמן ההכשרה המסלול מיועד לבעלי תואר ראשון בהנדסה/מדעים מדויקים או תואר בהצטיינות עם ציון פסיכומטרי 680+ -אנגלית ברמה גבוהה -מיומנויות אוטודידקטיות -אוריינטציה אנליטית המשרה מיועדת לנשים ולגברים כאחד.",מדעים / ביוטק & מתמטיקאי/ת & פיזיקה & ביוטכנולוגיה,https://www.drushim.co.il/%D7%93%D7%A8%D7%95%D7%A9%D7%99%D7%9D-1999924-infinty-labs/
Software Solution Architect,קבוצת קשת,"תיאור משרה Keshet Media Group is looking for a highly passionate, professional, hands-on and team player to define, shape and evolve the architecture of our existing and next generation products.  Working as Software Solution Architect Day by day includes:  Hands-on development (mainly for POC and research purposes, but not only) Implement and embed AI & ML services Working closely with the R&D manager to define, plan and execute new features and technical aspects of our products Act as R&D products expert, understanding the product in terms of its requirements. Mentor and provide guidance to the project managers and development team, ensuring their work quality and alignment with the overall architecture Senior hands-on technology leader Continually research current and emerging technologies and make recommendations for changes where needed. Lead the technical design documents writing, including high-level designs and architecture documents Ensure the performance, scalability, and security of the solutions. Stay up-to-date with industry best practices and emerging trends in software development and architecture","דרישות התפקיד Requirements:  Experience as software architect (at least 2 years)? Ability to take into account the broader picture while still diving into details Demonstrated ability to adapt to new technologies and learn quickly At least 5 years of hands-on full-stack web development experience Must know: .NET Framework , ASP. Net, C#, Web API/REST, NodeJs, NestJS, MS SQL, NoSQL such as Elastic Search, Angular CLI, HTML, SCSS, JavaScript , Azure DevOps Working with CI/CD tools (azure devOps-advantage) Working with?WinForms is an advantage Strong communication skills and excellent teamwork Ability to work in a flexible and agile environment on a variety of subjects and technologies Strong self-learning skills",הייטק-תוכנה & NET. & ראש צוות פיתוח & ANGULAR,https://www.drushim.co.il/%D7%93%D7%A8%D7%95%D7%A9%D7%99%D7%9D-1926-%D7%A9%D7%99%D7%93%D7%95%D7%A8%D7%99-%D7%A7%D7%A9%D7%AA/
SAP Developer,Comm-IT,"תיאור משרה About the Role:  We are seeking a passionate and innovative SAP Developer with a keen interest in leveraging Large Language Models (LLMs) and Generative AI (GenAI) to revolutionize our software and process development lifecycle. You will be an integral part of a dedicated pod of engineers, focused on pushing the boundaries of efficiency and automation within the SAP ecosystem.  Responsibilities:  ? Develop and maintain SAP applications, modules, and interfaces: This includes designing, coding, testing, and deploying solutions using various SAP technologies, including ABAP, Fiori, and SAP Cloud Platform.  ? Integrate LLMs and GenAI into the development lifecycle: Research, evaluate, and implement AI-powered tools and techniques to augment and automate tasks like code generation, documentation, testing, and problem-solving.  ? Optimize existing workflows and processes: Identify opportunities to leverage AI to streamline development activities and enhance team efficiency.  ? Collaborate with other developers and stakeholders: Work closely with your pod and other teams to design, implement, and deploy innovative AI-driven solutions.  ? Stay up-to-date with the latest advancements in AI and SAP technologies: Continuously learn and explore emerging technologies to ensure you are at the forefront of innovation.  ? Contribute to the development of best practices and documentation for AI-enhanced SAP development.","דרישות התפקיד * Proven experience as a SAP Developer with expertise in ABAP, Fiori, and SAP Cloud Platform. *Strong understanding of software development methodologies (e.g., Agile). *Demonstrated ability to learn and adapt to new technologies quickly. *Passion for AI and its potential to transform the software development landscape. *Excellent communication and collaboration skills.  Preferred Skills and Qualifications: *Experience with LLMs and GenAI technologies, including tools like GitHub Copilot and ChatGPT. *Understanding of SAP's AI capabilities and plugins within the SAP ecosystem. *Experience with SAP DevOps practices and tools is a plus. *Experience with cloud computing platforms (e.g., AWS, Azure, GCP).",הייטק-תוכנה & תוכניתן/ית ERP / CRM & מתכנת/ת & ABAP,https://www.drushim.co.il/%D7%93%D7%A8%D7%95%D7%A9%D7%99%D7%9D-1756-comm-it/
Salesforce Developer,Comm-IT,"תיאור משרה About the Role:  We are seeking an innovative and driven Salesforce Developer to join our team and spearhead the integration of Large Language Models (LLMs) and Generative AI into our Salesforce development lifecycle. This role focuses on boosting efficiency and productivity by leveraging cutting-edge AI technologies to augment and automate specific development tasks and processes.  Key Responsibilities:  ? Design, develop, and implement Salesforce solutions leveraging LLMs and GenAI to improve software and process development lifecycle efficiencies.  ? Identify areas within the development lifecycle where LLMs and GenAI can be effectively integrated to streamline workflows, automate repetitive tasks, and enhance code quality.  ? Utilize copilots, existing tools, and AI features within the Salesforce ecosystem to build and deploy AI-powered solutions.  ? Collaborate with a pod of engineers to develop and implement strategic AI initiatives, share knowledge, and foster innovation.  ? Research and stay up-to-date on the latest advancements in LLMs, GenAI, and other relevant technologies.  ? Participate in code reviews, technical discussions, and knowledge sharing sessions to contribute to the team's collective expertise.  ? Analyze and measure the impact of implemented AI solutions on development efficiency and identify areas for further optimization.","דרישות התפקיד *Proven experience as a Salesforce developer with a strong understanding of the Salesforce platform, Apex, Visualforce, Lightning Web Components, and Salesforce APIs. *Strong analytical and problem-solving skills with a proactive approach to identifying areas for improvement. *Excellent communication and collaboration skills, with the ability to work effectively within a team environment. *Passion for exploring and implementing emerging technologies to enhance development processes.  Preferred Skills and Qualifications: *Demonstrated experience in working with and integrating LLMs and GenAI technologies within software development processes, including tools like GitHub Copilot and ChatGPT. *Experience with Salesforce DevOps practices and tools is a plus. *Understanding of Salesforce’s AI capabilities and plugins within the SF ecosystem. *Experience with cloud computing platforms (e.g., AWS, Azure, GCP).",הייטק-תוכנה & מהנדס/ת תוכנה & JAVA,https://www.drushim.co.il/%D7%93%D7%A8%D7%95%D7%A9%D7%99%D7%9D-1756-comm-it/
Senior Full Stack Developer,Comm-IT,"תיאור משרה About the Role: We are seeking a passionate and innovative Senior Full Stack Developer with a keen interest in leveraging Large Language Models (LLMs) and Generative AI (GenAI) to revolutionize our software and process development lifecycle. You will be an integral part of a dedicated pod of engineers, focused on pushing the boundaries of efficiency and automation within the Full Stack ecosystem.  Responsibilities: ? Design, develop, and maintain Pyhton-based applications and microservices: This includes writing clean, efficient code, implementing unit tests, and ensuring high code quality. ? Integrate LLMs and GenAI into the development lifecycle: Research, evaluate, and implement AI-powered tools and techniques to augment and automate tasks like code generation, documentation, testing, and bug fixing. ? Optimize existing workflows and processes: Identify opportunities to leverage AI to streamline development activities and enhance team efficiency. ? Collaborate with other developers and stakeholders: Work closely with your pod and other teams to design, implement, and deploy innovative AI-driven solutions. ? Stay up-to-date with the latest advancements in AI and Python technologies: Continuously learn and explore emerging technologies to ensure you are at the forefront of innovation. ? Contribute to the development of best practices and documentation for AI-enhanced full stack development.","דרישות התפקיד Required Skills and Qualifications: ? Proven experience as a Full stack Developer with a focus on Python. ? Strong proficiency in React. ? Demonstrated ability to learn and adapt to new technologies quickly. ? Passion for AI and its potential to transform the software development landscape. ? Excellent communication and collaboration skills.  Preferred Skills and Qualifications: ? Experience with LLMs and GenAI technologies, including tools like GitHub Copilot and ChatGPT. ? Familiarity with DevOps tools and practices (e.g., CI/CD, Docker, Kubernetes). ? Experience with cloud computing platforms (e.g., AWS, Azure, GCP).  Benefits: ? Opportunity to work with cutting-edge technology and be part of a groundbreaking tem. ? Collaborative and supportive work environment. ? Continuous learning and development opportunities. ? Competitive salary and benefits package. If you are a highly motivated Full stack Developer eager to embrace the power of AI, we encourage you to apply!",הייטק-תוכנה & PYTHON & מפתח/ת אלגוריתמים & FULL STACK,https://www.drushim.co.il/%D7%93%D7%A8%D7%95%D7%A9%D7%99%D7%9D-1756-comm-it/
Java Developer - Generative AI & Automation,Comm-IT,"תיאור משרה About the Role:  We are seeking a passionate and innovative Java Developer with a keen interest in leveraging Large Language Models (LLMs) and Generative AI (GenAI) to revolutionize our software and process development lifecycle. You will be an integral part of a dedicated pod of engineers, focused on pushing the boundaries of efficiency and automation within the Java ecosystem.  Responsibilities:  - Design, develop, and maintain Java-based applications and microservices: This includes writing clean, efficient code, implementing unit tests, and ensuring high code quality.  - Integrate LLMs and GenAI into the development lifecycle: Research, evaluate, and implement AI-powered tools and techniques to augment and automate tasks like code generation, documentation, testing, and bug fixing.  - Optimize existing workflows and processes: Identify opportunities to leverage AI to streamline development activities and enhance team efficiency.  - Collaborate with other developers and stakeholders: Work closely with your pod and other teams to design, implement, and deploy innovative AI-driven solutions.  - Stay up-to-date with the latest advancements in AI and Java technologies: Continuously learn and explore emerging technologies to ensure you are at the forefront of innovation.  - Contribute to the development of best practices and documentation for AI-enhanced Java development.","דרישות התפקיד Required Skills and Qualifications:  - Proven experience as a Java Developer with a strong understanding of object-oriented programming principles.  - Experience with popular Java frameworks (e.g., Spring Boot, Spring Cloud).  - Demonstrated ability to learn and adapt to new technologies quickly.  - Passion for AI and its potential to transform the software development landscape.  - Excellent communication and collaboration skills.  Preferred Skills and Qualifications:  - Experience with LLMs and GenAI technologies, including tools like GitHub Copilot and ChatGPT.  - Familiarity with DevOps tools and practices (e.g., CI/CD, Docker, Kubernetes).  - Experience with cloud computing platforms (e.g., AWS, Azure, GCP).  Benefits:  - Opportunity to work with cutting-edge technology and be part of a groundbreaking team.  - Collaborative and supportive work environment.  - Continuous learning and development opportunities.  - Competitive salary and benefits package.  If you are a highly motivated Java Developer eager to embrace the power of AI, we encourage you to apply!",הייטק-תוכנה & JAVA,https://www.drushim.co.il/%D7%93%D7%A8%D7%95%D7%A9%D7%99%D7%9D-1756-comm-it/
לחברה מובילה בתחומה דרוש/ה מנהל/ת צוות IT,- חסוי -,"תיאור משרה ניהול תשתיות החברה- וירטואליזציה, תקשורת, מיקרוסופט, ניטור, SQL, אבטחת מידע, תשתיות פסיביות ועוד. עבודה שוטפת מול כל תחומי האירגון ניהול פרוייקטים וניהול צוות הIT",דרישות התפקיד ניסיון בתפקיד דומה - יתרון משמעותי ניסיון בעבודה עם שרתים ותשתיות מרובות העבודה בימי ראשון עד חמישי- שעות העבודה גמישות,הייטק-כללי & איש/ת IT & מנהל/ת מערכות מידע & DEVOPS,https://www.drushim.co.il/job/30529678/b3ccf9ea/
דרוש/ה DevOps,matrix DnA,תיאור משרה ניסיון מוכח בעבודה עם Vertica ו/או Talend הבנה מעמיקה בתהליכי CI/CD ובכלי DevOps נפוצים ניסיון בעבודה בסביבת Linux/Unix,"דרישות התפקיד פיתוח, תחזוקה ושיפור תהליכי CI/CD. ניהול ותפעול סביבות ענן ושרתים פיזיים. אינטגרציה, פריסה וניהול מערכות נתונים באמצעות Vertica ו-Talend. אוטומציה של תהליכים וניהול תצורה בעזרת כלים כמו Ansible, Puppet ועוד. ניטור, איתור ופתרון בעיות תשתית. שיתוף פעולה עם צוותי הפיתוח להבטחת איכות ויציבות המערכות.",הייטק-כללי & DEVOPS & BI & משרות הייטק כללי,https://www.drushim.co.il/%D7%93%D7%A8%D7%95%D7%A9%D7%99%D7%9D-504776-%D7%9E%D7%98%D7%A8%D7%99%D7%A7%D7%A1-bi/
דרוש/ה Devops,matrix DnA,"תיאור משרה Matrix DNA מתרחבת ! דרושים אנשי/ות DevOps מנוסים שמעוניינים לקחת חלק בתפקיד ייחודי ומאתגר! הזדמנות להיכנס לחברה יציבה, המאפשרת מגוון אפשרויות קידום והזדמנויות .",דרישות התפקיד ניסיון בבניית תהליכי CI\CD - לפחות שנתיים ניסיון בהקמת תשתיות Cloudera - חובה! ניסיון עבודה עם - AWS/ Azure/ GCP - יתרון,הייטק-כללי & DEVOPS,https://www.drushim.co.il/%D7%93%D7%A8%D7%95%D7%A9%D7%99%D7%9D-504776-%D7%9E%D7%98%D7%A8%D7%99%D7%A7%D7%A1-bi/
DevOps Engineer,Prologic 1,"תיאור משרה לחברתנו דרוש/ה DevOps Engineer למשרה מלאה, לטווח ארוך ובמתכונת היברידית","דרישות התפקיד -ידע וניסיון בסביבת Linux - ניסיון בכתיבת תהליכי אוטומציה וסקריפטים מורכבים ב-Bash ו/או Python - ניסיון בהטמעת תהליכי CI/CD - ניסיון ב-Docker וב- Kubernetes - ניסיון בעבודה עם Containers במתדולוגיית microservices - ניסיון בעבודה עם כלים הבאים: Jenkins, Ansible, Artifactory, Git, SVN, make, maven - ניסיון בבניות אפליקציה בסביבות מרובות טכנולוגיות (כגון : java, angular, c, , python , cobol)",הייטק-תוכנה & DEVOPS,https://www.drushim.co.il/%D7%93%D7%A8%D7%95%D7%A9%D7%99%D7%9D-25387-prologic/
מהנדס/ת Devops,Mertens – Malam Team,"תיאור משרה לMertens-Malam Team דרוש/ה מהנדס/ת Devops לארגון ביטחוני מוביל באזור המרכד  התפקיד כולל: אינטגרציית מערכות, בניית מערכות (תהליכי CI/CD), עבודה והכרות טובה עם Jenkins   ניטור ותמיכה בתקלות וכתיבת סקריפטים (bash/python) עבודה בסביבת Linux והבנה בסיסית בתקשורת","דרישות התפקיד שלוש שנות ניסיון לפחות בתפקידי Devops התקנות ותמיכה באתרים מגוונים ומרוחקים הכוללים נסיעות לאתרים ברחבי הארץ ובחו""ל ניסיון מעמיק בתהליכי CI/CD ידע מעמיק במערכת הפעלה -Linux  ניסיון בכתיבת סקריפטים (bash/python)",הייטק-כללי & DEVOPS & SYS ADMIN WIN & משרות הייטק כללי,https://www.drushim.co.il/%D7%93%D7%A8%D7%95%D7%A9%D7%99%D7%9D-2376295-%D7%9E%D7%A8%D7%98%D7%A0%D7%A1-%D7%94%D7%95%D7%A4%D7%9E%D7%9F-%D7%9E%D7%99%D7%97%D7%A9%D7%95%D7%91/
לארגון פיננסי מוביל במרכז דרוש/ה DEVOPS ENGINEER,קבוצת Aman,תיאור משרה לארגון פיננסי מוביל במרכז דרוש/ה DEVOPS ENGINEER מנוסה להשתלבות בצוות הארגון נדרשת מוטיבציה גבוהה ללמידה והתקדמות,"דרישות התפקיד - שלוש שנות ניסיון ב DEVOPS/תשתיות  - כתיבת סקריפטים לפייפלינים של CI/CD  - ניסיון ב YAML ו PowerShall  - ניסיון ב Gitlab, Ansible  - יתרון – עבודה עם אפליקציות מובייל, עבודה עם כלי בדיקות אוטומטיים, כלי ניטור אפליקטיביים כדוגמת AppDynamics, Dockers, MicroServices.  - יכולת עבודה בצוות ותמיכה במפתחים ובתהליכי הפיתוח.",הייטק-כללי & DEVOPS,https://www.drushim.co.il/%D7%93%D7%A8%D7%95%D7%A9%D7%99%D7%9D-23333-%D7%A7%D7%91%D7%95%D7%A6%D7%AA-%D7%90%D7%9E%D7%9F/
DevOps Engineer,- חסוי -,"תיאור משרה חברת הייטק מובילה בתל אביב מחפשת DevOps מנוסה העובדת בטכנולוגיות מתקדמות ביותר, יכולת עבודה עצמאית ובצוות, יציבות ויכולת פתרון בעיות. המועמד המתאים יהנה מהזדמנויות פיתוח והתקדמות מקצועית באווירה דינמית ומאתגרת.  אם אתה מחפש אתגר חדש ורוצה להיות חלק מצוות הטכנולוגי המוביל,שלח קוח","דרישות התפקיד מעל 3 שנות ניסיון כ- Devops ניסיון Sun Grid, LSF Grid חובה -ניסיון בעבודה מול ה- Cloud AWS -ניסיון עם Docker, GIT, Jenkins and Kubernetes -ניסיון בכתיבת סקריפטים",הייטק-כללי & DEVOPS & SYS ADMIN UNIX & תשתיות,https://www.drushim.co.il/job/30571250/d6885d38/
(LE) איש/אשת DevOps,Elad Software,"תיאור משרה אלעד מערכות מגייסת איש/אשת DevOps לארגון מוביל ! במסגרת התפקיד אחריות על יצירה, יישום, עריכת התאמות, תפעול ותחזוקה של פתרונות המבוססים על תשתיות ענן, כתיבה ותחזוקת קוד Infrastructure as a code, בדגש על TERAFORM ותשתית FAST FABRIC. ~העבודה במודל היברידי~","דרישות התפקיד 4 שנים ומעלה בתחום הענן- חובה ידע וניסיון בכתיבת IAC של Terraform לפיתוח תשתיות ענן • ניסיון בתפעול סביבת קוברנטיס בענן GCP/ AWS ניסיון בפיתוח/אוטומציה Containers, Kubernetes • ניסיון מעשי בהקמת שירותי ספק ענן GCP/ AWS ובכלל זה ניסיון מעשי בכתיבת תהליכי ניטור ובקרה בסביבת GCP ניסיון בשימוש בשירותי תקשורת של GCP הכרות עם פרוטוקולי SSO – SAML OAUTH, OPENID • הסמכות של GCP/ AWS רלוונטיות לעולמות ה DEVOPS",הייטק-כללי & DEVOPS & CLOUD,https://www.drushim.co.il/%D7%93%D7%A8%D7%95%D7%A9%D7%99%D7%9D-6390-elad-group/
DevOps Engineer,קוד אואזיס,"תיאור משרה Develop, support and improve continuous integration, continuous deployment, automated testing, and release management pipelines Continuously improve the stability and speed of our CI and CD pipelines. Develop enablers and tools that provide the flexibility to allow a smooth and efficient development lifecycle.",דרישות התפקיד - Hands-on Linux experience including shell scripting & bash -Using CI/CD tools -Work in Docker environments -Experience with Kubernetes -Work with Git - Strong problem-solving skills with an investigative mentality. - Good communication skills and excellent team work capabilities. - Experience with on-Prem systems and cloud services (azure/AWS). - Experience with Package Management - an advantage,הייטק-תוכנה & DEVOPS & CLOUD & LINUX / UNIX,https://www.drushim.co.il/%D7%93%D7%A8%D7%95%D7%A9%D7%99%D7%9D-907063-%D7%A7%D7%95%D7%93-%D7%90%D7%95%D7%90%D7%96%D7%99%D7%A1/
מומחה/ית DevOps,Ready Group,תיאור משרה התפקיד כולל: עבודה כחלק מצוות DevOps הנותן שירותים לצוותי הפיתוח השונים. התפקיד כולל אחריות על כל הכלים ההנדסיים בחטיבה ומתן פתרונות DevOps לסביבות עבודה שונות.,"דרישות התפקיד ניסיון של לפחות 3 שנים בתחום הDevOps -  - חובה ניסיון בעבודה בסביבת  On Premises ניסיון בעבודה עם  Dockers, Kubernetes ניסיון בעבודה עם  OpenShift, SonarQube ניסיון באימפלמנטציה של Micro Services בתהליכי CI/CD של Azure DevOps ניסיון ב Linux ו- bash",הייטק-כללי & DEVOPS & מנהל/ת רשת & CLOUD,https://www.drushim.co.il/%D7%93%D7%A8%D7%95%D7%A9%D7%99%D7%9D-1475999-%D7%A8%D7%99%D7%99%D7%A6%D7%99%D7%A4/
תוכניתן/ית DEVOPS למשרד ממשלתי בירושלים,Software AG - SPL,"תיאור משרה חברת Software AG-SPL מגייסת תכניתן/ית DEVOPS להשתלבות במשרד ממשלתי בירושלים. התפקיד דורש ידע נרחב והבנה מעמיקה של טכנולוגיות ענן, אוטומציה, רשתות ואבטחת מידע.",דרישות התפקיד 4+ שנות ניסיון בפיתוח DevOps. - הכרות מעמיקה עם כלים ושיטות אבטחה בענן. - ידע בתהליכי CI/CD. - השכלה רלוונטית בתחום.,הייטק-כללי & DEVOPS & CLOUD,https://www.drushim.co.il/%D7%93%D7%A8%D7%95%D7%A9%D7%99%D7%9D-9651-spl--software-ag/
מומחה/ית תשתיות אפליקטיביות & Devops,קבוצת Aman,"תיאור משרה לקבוצת אמן דרוש/ה מומחה/ית תשתיות אפליקטיביות & Devops בארגון פיננסי גדול במרכז הארץ! השתלבות כאיש/ת צוות ביחידה רוחבית העוסקת בפרויקטים אסטרטגיים וחדשניים בתחום הטרנספורמציה הדיגיטלית לתהליכים עסקיים ובהמשך אופציית קידום לתפקיד ראש צוות.  במסגרת התפקיד ניהול מערכות Web מורכבות, ניהול סביבות עבודה שונות והטמעת תהליכי עבודה חדשים. כמו כן, עבודה בממשק עם צוותים מקצועיים פנים וחוץ ארגוניים, קבלני משנה וספקים בארץ ובחו""ל.","דרישות התפקיד * ניסיון בעבודה עם כלי CI/CD * ניסיון כמנהל/ת רשת LINUX בסביבת RedHat/CentOS * ניהול מערכות WEB מבוססות שרתי HTTP Server (IIS, WebSphere,Apache,Tomcat). * ניסיון בכלים לניטור תקלות מצד משתמש (Network Monitor, Wireshark, Fiddler, Process Monitor, Browser Developer Console). * ניסיון בכלים לניטור מערכת Web (Elasticsearch & Kibana, AppDynamics, SCOM). * ניסיון בפרוטוקולים של הזדהות (Kerberos, NTLM) * ניסיון בתקשורת מוצפנת במערכת WEB מבוססת תעודות (HTTPS) * ניסיון בכתיבת סקריפטים Bash, Python, Batch, PowerShell",הייטק-כללי & DEVOPS & SYS ADMIN UNIX & CLOUD,https://www.drushim.co.il/%D7%93%D7%A8%D7%95%D7%A9%D7%99%D7%9D-23333-%D7%A7%D7%91%D7%95%D7%A6%D7%AA-%D7%90%D7%9E%D7%9F/
Devops engineer,Matrix R&D Services,"תיאור משרה לחברת הייטק גלובלית בתחום Cloud Security Intelligence אנחנו מחפשים Devops engineer שיצטרף לצוות ויתמוך בכלל מוצרי החברה אתה תהיה אחראי להבטיח ביצועים וזמן פעולה מיטביים של מוצרי האבטחה לנתח את ביצועי המערכת מקצה לקצה. עבודה לקראת ניטור, התרעות, עבודה מול הטכנולוגיות העדכניות ביותר כגון Azure, Databricks ועוד. פריסה ותחזוקה של הפלטפורמה, פיתוח תשתיות אוטומציה לתמיכה בתהליכי עבודה של פיתוח, בדיקות ופריסה. שיתוף פעולה עם צוותי התמיכה, התפעול וההנדסה, יצירת פתרונות","דרישות התפקיד BSc. במדעי המחשב או קורס DEVOPS - חובה  ניסיון ב-Linux, Bash,מערכות מבוזרות מבוססות ענן ניסיון של שנה ומעלה כמהנדס תמיכה/ DevOps, SRE ניסיון בענן Azure, Git, Docker ו- Kubernetes, Jenkins, Terraform ו- Argo CD. יכולת לקיחת אחריות ועבודה עצמאית וכחלק מצוות, עבודה תחת לחץ יכולת הבנת תהליכים מורכבות ומתן פתרונות טכניים יצירתיים מיומנויות פתרון בעיות, סקרנות טבעית ונרגשת ללמוד טכנולוגיות חדשות, גישה של ""יכול לעשות""",הייטק-כללי & DEVOPS & CLOUD & איש/ת IT,https://www.drushim.co.il/%D7%93%D7%A8%D7%95%D7%A9%D7%99%D7%9D-3795424-%D7%A1%D7%98%D7%90%D7%A8%D7%99%D7%98/
Cloud DevOps Engineer,HighTech Company,"תיאור משרה We're looking for a skilled DevOps engineer to develop and maintain cloud-based systems (AWS): servers, SW services, data pipelines, databases, configurations, etc. We require a high degree of independence, problem-solving ability, and initiative.","דרישות התפקיד "" Minimum 3 years AWS experience (S3, EC2, ECS / ECR, Lambda, CloudFront, SnS)  "" Minimum 2 years working with Terraform  "" Minimum 2 years NodeJS or Javascript or Typescript  "" Proven experience working with Dockers / Containers  "" Experience with Kubernetes  "" Database management experience, in particular Postgres  "" Experienced developing with Ubuntu OS (Linux)  "" Experience in drafting Bash and Node scripts  "" Knowledge in Python and C# - a plus  "" Knowledge in SQL - a plus  "" Proficient in speaking and writing in English  "" Well-informed with new technologies  "" Excellent people skills",הייטק-כללי & DEVOPS & CLOUD,https://www.drushim.co.il/job/30678657/e8e043c7/
one TALDOR מחפשת מוביל/ת צוות DEVOPS לירושלים,טלדור,"תיאור משרה ובכלל זה רכיבי תקשורת, תוך מתן דגש להבטי אבטחת מידע. – AWS אחראי על איפיון ובניה של סביבות עבודה ב בקרה, ניטור ומדידה שוטפים של תהליכי העבודה בענן הנמצאים בשימוש המשרד ועריכת התאמות שוטפות בפעילויות לצורך הבטחת צריכתן באופן היעיל ביותר. ליווי הצוותים הטכנולוגים במימוש פתרונות וסיוע בתקלות.",דרישות התפקיד ניסיון של 4 שנים DEVOPS בענן ציבורי,הייטק-תוכנה & DEVOPS & ראש צוות פיתוח,https://www.drushim.co.il/%D7%93%D7%A8%D7%95%D7%A9%D7%99%D7%9D-7017-%D7%98%D7%9C%D7%93%D7%95%D7%A8/
דרוש.ה DevOps Team-Lead לחברה שעושה טוב במרכז הארץ,Medulla,"תיאור משרה לחברה במרכז הארץ ששמה לעצמה מטרה להפוך את העולם למקום קצת יותר טוב דרוש/ה DevOps Tech-Lead עם אופק ניהולי!! התפקיד מאתגר ומעניין והעבודה בסביבת AWS Cloud, Kubernetes,Terraform ועוד! 80 % HO  דיווח ל VP R&D המשרה היברידית",דרישות התפקיד מעל 5 שנות ניסיון כ DevOps  ניסיון גם עם Windows and Linux  ניסיון בעבודה בסביבת AWS and/or Azure Cloud services.  ניסיון עם Docker Containers/Kubernetes.  חובה ניסיון בשפות סקריפטים PowerShell or Bash  הכרות טובה עם תהילכי CI/CD,הייטק-כללי & DEVOPS & CLOUD,https://www.drushim.co.il/%D7%93%D7%A8%D7%95%D7%A9%D7%99%D7%9D-746570-medulla/
linux System Administrator,Prologic 1,תיאור משרה לחברתנו דרוש/ה Unix System Administrator למשרה מלאה ולטווח ארוך,"דרישות התפקיד ניסיון של לפחות 3 שנים עם מערכות לינוקס REDHAT / SUSE / CENTOS- חובה ניסיון וידע מעמיק ברמת מערכת ההפעלה (Redhat ו/אוSuse), הבנה של הקרנל והתקנה וקונפיגורציה של שירותים וpackages. ידע וניסיון רב בכתיבת סקריפטים מורכבים (לפחות אחד:bash, perl, python) – חובה כתיבה ופיתוח כלי אוטומציה בתחום תשתיות הסיסטם בסביבת לינוקס בעל ניסיון בעבודה עם כלי DEVOPS והכרות עםKubernetes / Docker / Jenkins / Git - יתרון ניסיון כתיבה ב ansible, terraform או puppet – יתרון משמעותי ניסיון באינטגרציה ועבודה עם מערכות EAI ו SOA- יתרון משמעותי",הייטק-כללי & SYS ADMIN UNIX & DEVOPS,https://www.drushim.co.il/%D7%93%D7%A8%D7%95%D7%A9%D7%99%D7%9D-25387-prologic/
מפתח/ת Full Stack Net.,קבוצת Aman,תיאור משרה משרה - מפתח/ת Full Stack עבור ארגון פיננסי באיזור המרכז,"דרישות התפקיד דרוש/ה מפתח/ת Full Stack עבור ארגון פיננסי באיזור המרכז ניסיון של מעל 4 שנים בפיתוח C#, .NET CORE ניסיון עם Angular גרסא 2 ומעלה ניסיון בכתיבת Rest API עבודה במתודולוגיית Agile ניסיון בתהליכי CI/CD, כגון: Jenkins / Azure DevOps / GitLab ביצוע Unit Testing עבודה עם בסיסי נתונים  המשרה מיועדת לנשים וגברים כאחד!",הייטק-תוכנה & NET. & ANGULAR & מתכנת/ת,https://www.drushim.co.il/%D7%93%D7%A8%D7%95%D7%A9%D7%99%D7%9D-23333-%D7%A7%D7%91%D7%95%D7%A6%D7%AA-%D7%90%D7%9E%D7%9F/
Backend Engineer,Prologic 1,"תיאור משרה We are looking for a Kafka Developer to join Data infrastructure team • Design and Develop event based architecture based on Kafka & Kafka streams • Design and Develop ELK pipelines, indexes, dashbords & alerts • Lead Architecture discussion & design of Kafka based event streaming applications • Design a holistic approach for Event based architecture • Configure Kafka connectors and Kafka topic • Develops effective and event based stream processing kafka applications according to design specifications • Applies best practices for tuning for overall system performance • Supports software development and test teams throughout the software development lifecycle","דרישות התפקיד • 3 Years of experience developing Kafka based applications • 3 years of experience with the following Kafka components: Streams including processor API, Connect, Schema registry • 3 years of experience with Java, Spring, and Spring cloud Streams implementing Kafka streams application • 3 years experience with writing unit test in Junit, and Kafka test topology driver • Experience working in Windows and Unix/Linux environments • Experience using Intellij IDE • Experience with Oracle PL/SQL • Experience working with Rest APIs • Experience with Confluent Kafka Cloud – an advantage • Experience with Kafka CLIs and rest APIS for managing and querying Kafka resources. • Experience with Developing DevOps processes for Kafka • Organized, dedicated, team player • Process-oriented • Ability to prioritize tasks",הייטק-תוכנה & JAVA & LINUX / UNIX & DEVOPS,https://www.drushim.co.il/%D7%93%D7%A8%D7%95%D7%A9%D7%99%D7%9D-25387-prologic/
SENIOR ETL DEVELOPER- היברידית,G STAT,"תיאור משרה אנו מגייסים Senior ETL Developer לחברה בינלאומית גדולה! - משרה היברידית התפקיד כולל פתרון בעיות מורכבות מקצה לקצה, הובלת פרויקטים ואנשים, ובעל/ת יכולות פיתוח חזקות ותקשורת בין-אישית מצוינת.","דרישות התפקיד -תואר ראשון רלוונטי- במדעי המחשב / Data science / מערכות מידע -לפחות שבע שנות ניסיון כמהנדס/ת דאטה עם דגש על אינטגרציית דאטה ופיתוח תהליכי ETL/ELT בכלי ETL כמו Informatica, SSIS, Talend -ניסיון בהובלת פיתוח ואפיון פתרונות E2E DWH לתהליכים מורכבים - כולל אפיון והגדרת צרכים עסקיים, מידול, ארכיטקטורה, פיתוח ובדיקות. -שליטה במתודולוגיות DWH (ארכיטקטורת Data ומידול נתונים) ופיתוח (BI DevOps). SQL- ברמה גבוהה עם דגש על ניהול וייעול ביצועים גבוהים. -יתרון בפיתוח בסביבות/כלים הבאים: Talend, Oracle, Unix, Cloud Platform (Azure/GCP)",הייטק-כללי & BI & הייטק-תוכנה & ETL & PL \ SQL & מתכנת/ת & BI,https://www.drushim.co.il/%D7%93%D7%A8%D7%95%D7%A9%D7%99%D7%9D-20141-g-stat/
Senior full stack developer,Ready Group,"תיאור משרה As Senior Full Stack Developer, you will be responsible for designing, developing, and maintaining scalable backend and frontend systems that power our applications. Troubleshoot and debug issues to ensure smooth operation of systems.  Stay up to date with emerging technologies and best practices in Full Stack development.","דרישות התפקיד 5+ years of experience in Full Stack development. Significant experience with C#. NET Core and related technologies Significant experience with Angular 12+. Significant experience with event-driven design (RabbitMQ, Kafka, e.g). Proven experience with relational database (Oracle, SqlServer, e.g). Deep understanding of Restful APls and microservices architecture. Proven Experience with Designing distributed Systems. Experience with non-relational databases (MongoDB, Redis, e.g) - A plus. Experience with Elasticsearch - A plus. Experience with containerization and orchestrastion tools - A plus. Knowledge of Devops practices and tools - A plus",הייטק-תוכנה & ANGULAR & NET. & C#,https://www.drushim.co.il/%D7%93%D7%A8%D7%95%D7%A9%D7%99%D7%9D-1475999-%D7%A8%D7%99%D7%99%D7%A6%D7%99%D7%A4/
מפתח/ת React Native,John Bryce,"תיאור משרה ארגון רפואי גדול ומוביל באזור המרכז מחפש מפתח/ת React Native.  התפקיד כולל: • פיתוח אפליקציית מובייל חדשנית בטכנולוגיית React Native, המשלבת אינטגרציה עם מערכות ליבה ומערכות צד שלישי. • עבודה מול ממשקים: מנתחי מערכות, צוותי פיתוח עמיתים, בודקים, אנשי DevOps.","דרישות התפקיד • לפחות 3 שנות ניסיון מוכח בפיתוח אפליקציות מובייל בטכנולוגיית React Native. • ידע וניסיון בהעלאת גרסאות ל-Google Play Console ו-App Store. • ניסיון בעבודה עם Android Studio ו- XCode. • ניסיון בעבודה עם RESTful APIs, וצריכת API מעל תשתיות API Gateway. • ניסיון בפיתוח אתרי אינטרנט ריספונסיביים בטכנולוגיית React.js – יתרון משמעותי. • ניסיון בפיתוח Backend בטכנולוגיות .Net- יתרון משמעותי. • ניסיון בעבודה בארגון גדול ומרובה ממשקים ומערכות – יתרון. • היכרות מעמיקה עם היבטי אבטחת מידע בפיתוח בעולם האינטרנט והמובייל.",הייטק-תוכנה & מתכנת/ת & MOBILE & REACT NATIVE,https://www.drushim.co.il/%D7%93%D7%A8%D7%95%D7%A9%D7%99%D7%9D-3528-john-bryce/
Senior Golang Engineer,Medulla,"תיאור משרה דרוש\ה Sr. SW Eng – Golang לסטארטאפ שפיתח פלטפורמה ייחודית המיועדת למפתחים. עובדים ב GO אך פתוחים לניסיון בשפות עיליות אחרות. דרושה הבנה עמוקה וניסיון בפיתוח מקצה לקצה. סטרטאפ גדול, ממומן היטב, יושבים בת""א, עובדים היברידי.","דרישות התפקיד מעל 5 שנות ניסיון בפיתוח Backend יתרון ל GO או Java ניסיון בתשתיות ושירותי Cloud ניסיון עם CI/CD/DevOps, Kubernetes, Docker",הייטק-תוכנה & GO & CLOUD & BACKEND,https://www.drushim.co.il/%D7%93%D7%A8%D7%95%D7%A9%D7%99%D7%9D-746570-medulla/
(YD) מפתח/ת תוכנה,Elad Software,"תיאור משרה אלעד מערכות מגייסת מפתח/ת תוכנה לארגון בריאות גדול בתל אביב! מוביל/ה טכנולוגית את תחומי המחקר ופיתוח של התוכנה בתחום התמחותו, או לחילופין מומחה/ית בעבודה על פי תפיסת ה- Devops . ליווי צוותי פיתוח בהיבטי שיפור קוד , טכנולוגיה , שיפור ביצועים , בדיקת תכנון היישום ) Design Review ,) אחריות על הארכיטקטורה האפליקטיבית בהתאם לדרישות העסקיות של הפרויקטים השונים",דרישות התפקיד ניסיון מעל 5 שנים בתחום הפיתוח הנדרש . net webApi entity framework 3 שנות ניסיון בעבודה מול SQL 3 שנות ניסיון בפיתוח בסביבת WEB 2 שנות ניסיון בפיתוח בריאקט / אנגולר 2 + - אחריות מסירות יחסי אנוש מצוינים יכולת לימוד עצמי גבוהה יכולת עבודה בצוות ועבודה מול גורמים שונים ב- IT ובארגון יכולת עבודה בתנאים של שינויים וריבוי משימות במקביל.,הייטק-כללי & DEVOPS & הייטק-תוכנה & DEVOPS & מפתח/ת WEB & FULL STACK & ANGULAR,https://www.drushim.co.il/%D7%93%D7%A8%D7%95%D7%A9%D7%99%D7%9D-6390-elad-group/
(YB) מפתח/ת תכנה FS,Elad Software,תיאור משרה אלעד מערכות מגייסת מפתח/ת תכנה לארגון מוביל בירושלים! עבודה היברידית,"דרישות התפקיד ניסיון של 4 שנים בפיתוח ניסיון באנגולר 15 ומעלה angular JS - יתרון לידע ב restApi ניסיון בכתיבת css - ידע וניסיון ב #c - ניסיון ב net core. - יתרון לידע ב sql server - ידע וניסיון ב Git, azure devops ניסיון בעבודה עם ci/cd היכרות עם תהליכי משרה שדורשת שעות עבודה רבות ולא שגרתיות כולל שישי, מוצ""ש, חגים",הייטק-תוכנה & מתכנת/ת & NET.,https://www.drushim.co.il/%D7%93%D7%A8%D7%95%D7%A9%D7%99%D7%9D-6390-elad-group/
דרוש/ה אחראי/ת מערכות תשתיות מומחה SYSTEM,בינת מערכות תכנה,"תיאור משרה דרוש/ה אחראי/ת מערכות תשתיות מומחה SYSTEM  תיאור התפקיד: אנו מחפשים אחראי/ת מערכות תשתיות מומחה SYSTEM לצוות ה-IT שלנו. המועמד/ת המתאים/ה יהיה אחראי/ת על תשתיות ה-SYSTEM של הארגון. כולל תחזוקה, עדכונים וביצוע שיפורי אבטחה. אודות העבודה: התפקיד כולל אחריות על תחזוקה שוטפת והובלת פרויקטים בליבת הפעילות הטכנולוגית של הארגון, תוך עמידה בסטנדרטים גבוהים של ביצוע ואבטחה. אנו מחפשים מועמדים שיביאו ניסיון אמיתי ומוכח בניהול סביבות המוזכרות.",דרישות התפקיד: - היכרות מעמיקה עם מערכות ההפעלה והחומרה. - היכרות עם מערכות ההפעלה בקשר ליישומים. - ניסיון ניהולי עם סביבות K8S ו-OpenShift במשך לפחות 3 שנים בארגונים גדולים. - ניסיון של לפחות 3 שנים עם עולם קוברנטייס (K8S ו/או OPENSHIFT). - חובה - ניסיון בכתיבת HELM. - ניסיון ועבודה על כלי DEVOPS. - תואר במדעי המחשב או תעודת קורס תכנות מגוף לימודים רשמי. - ניסיון בניהול סביבות ייצור בארגונים גדולים. יתרונות: - מוטיבציה ויכולת לנהל פרויקטים טכנולוגיים תחת לחץ.,הייטק-כללי & תשתיות & DEVOPS & אינטגרטור/ית,https://www.drushim.co.il/%D7%93%D7%A8%D7%95%D7%A9%D7%99%D7%9D-9460-%D7%91%D7%99%D7%A0%D7%AA-%D7%9E%D7%A2%D7%A8%D7%9B%D7%95%D7%AA-%D7%AA%D7%9B%D7%A0%D7%94/
דרוש/ה איש/אשת סיסטם עם ניסיון בK8S,Matchpoint IT,"תיאור משרה לחברה גדולה ומובילה הממוקמת בראשון לציון דרוש/ה איש/אשת סיסטם עם ניסיון בK8S!!! הזדמנות להתקדם לעולמות ה DevOps!!! התפקיד כולל הקמה ותחזוקה של שרתים, פתרון תקלות, כתיבת סקריפטים ואוטומציה ועבודה שוטפת עם כלי DevOps היברידיות של פעמיים בשבוע מהבית!!!!","דרישות התפקיד - לפחות 3 שנות ניסיון כאיש/אשת System מארגונים גדולים - חובה - לפחות 3 שנות ניסיון בעבודה עם קוברנטיס, כתיבת HELM - חובה!! - ניסיון מחברות פיננסיות - יתרון משמעותי - ניסיון בעבודה עם כלי DevOps נוספים - יתרון משמעותי",הייטק-כללי & SYS ADMIN UNIX & תשתיות & DEVOPS,https://www.drushim.co.il/%D7%93%D7%A8%D7%95%D7%A9%D7%99%D7%9D-6998-matchpointit/
לחברה מובילה באזור המרכז דרוש/ה תוכניתן/ית תשתיות,youcc טכנולוגיות,"תיאור משרה משרה מלאה בצוות תשתיות. התפקיד כולל פיתוח בבניית כלי עזר, תמיכה בתשתיות, וגם עבודה עם כלי DevOps מעבר לפיתוחים השוטפים.","דרישות התפקיד • ידע בשפת פיתוח C# .net – חובה (3 ש""נ) • ידע בשפת פיתוח NodeJS - חובה (2 ש""נ) • ידע וניסיון בכתיבה וצריכה של שירותים – restful services - חובה (2 ש""נ) • עבודה עם SQL - כתיבה של שאילתות ו SP – חובה (2 ש""נ) • עבודה עם מונגו – חובה (1 ש""נ) • ניסיון עם עבודה בכלי Source Control (TFS ו Git) - חובה (2 ש""נ) • ניסיון עם כלי ניהול Jira - חובה (2 ש""נ) • ידע ב IIS – חובה (2 ש""נ) • הכרות עם הליבה של .net – חובה (2 ש""נ) • ניסיון בכלי Jenkins – חובה (1 ש""נ) • ניסיון בכתיבת ב Angular – יתרון • ניסיון בעיצוב דפים Css 5 - יתרון • ניסיון בכתיבת בreact – יתרון • ניסיון בעבודה עם Kibana – יתרון • ניסיון בעבודה במתודולוגיית Agile – יתרון • הכרות עם עולם התוכן הפיננסי – יתרון • ניסיון בכתיבת שירותים תחת אמזון – יתרון",הייטק-תוכנה & C# & ANGULAR & REACT,https://www.drushim.co.il/%D7%93%D7%A8%D7%95%D7%A9%D7%99%D7%9D-1663282-youcc-%D7%98%D7%9B%D7%A0%D7%95%D7%9C%D7%95%D7%92%D7%99%D7%95%D7%AA/
R&D Manager,אביבית דבוש השמה,"תיאור משרה Responsibilities • Manage software development lifecycle, deliverables, performance, and vision. • Plan and Lead features development, functional and non-functional, From SW design through implementation, automation, and manual testing. • Lead and take part in defining architecture discussions and the division's technological roadmap and lifecycle. • Build and maintain an engineering culture of excellence. Lead and monitor the development’s execution, deliveries and KPI’s. • Direct the professional growth of staff by providing coaching, mentoring, training, and supervision of the software engineering groups, including backend, frontend and DevOps. • Strategize and align with commercial operations and deployment teams to ensure timelines and budgets are met. • Advocating and communicating technology capabilities internally and externally, including leadership, Utilities Board, customers, partners, and investor","דרישות התפקיד • 4+ years experience in R&D managerial roles  • Experience as R&D Manager of 15+ sized team.  • 6+ years of software development experience in .NET C#  • 3+ years experience with micro services architecture and distributed systems.  • Experience with PMO, agile and CI/CD methodologies and practices (TFS/GIT)  • Strong design, architecture, and problem-solving skills  • Experience with web frontend development (Angular, React, Vue).  • Proven record of delivering complex, distributed systems.  • Ability to build long-term plans and set alignment around goals and objectives.  • Understanding of budgets and business-planning.  • Define and manage all technological aspects of the division. Convert business vision to tech strategy.  • Capability to work with multiple interfaces throughout the organization (System Engineering, Project Management, HR, Purchase, Finance, Senior Management).  • Great customer facing abilities.  • Presentation design skills (Hebrew & English).  • BSc/BA in Computer Science or equivalent.    Bonuses:  • MBA  • Experience in private clouds  • Valid Security Clearance  • Experience with Command & Control Systems - Big advantage  • Defense background","הייטק-כללי & סמנכ""ל/ית פיתוח",https://www.drushim.co.il/%D7%93%D7%A8%D7%95%D7%A9%D7%99%D7%9D-1705082-%D7%90%D7%91%D7%99%D7%91%D7%99%D7%AA-%D7%93%D7%91%D7%95%D7%A9-%D7%94%D7%A9%D7%9E%D7%94/
System Administrator,Matrix R&D Services,"תיאור משרה חברת סייבר ישראלית מגייסת System Administrator מנוסה להצטרף לצוות ה-IT, ויהיה חלק מכלל הפרויקטים, כולל הקמה ותחזוקה שוטפת של כל השרתים בחברה. תמיכה שוטפת בכל ה-IT משרה מלאה והיברידית בתל אביב","דרישות התפקיד שנתיים ומעלה שנות ניסיון בניהול מערכות ענן (SYS ADMIN) ניסיון עם Active Directory ,  ו-Azure devops, Okta ניסיון קודם בחברת הייטק גלובלית - יתרון ניסיון בעבודה כחלק מצוות יכולת תמיכה שוטפת בכל ה-IT ניסיון בהקמת פרויקטים ב-AWS ניסיון בהקמת חשבונות שירותים ניסיון בעבודה עם Okta (יתרון משמעותי) אנגלית ברמה גבוהה כולל דיבור",הייטק-כללי & SYS ADMIN WIN & איש/ת IT,https://www.drushim.co.il/%D7%93%D7%A8%D7%95%D7%A9%D7%99%D7%9D-3795424-%D7%A1%D7%98%D7%90%D7%A8%D7%99%D7%98/
QA Architect,- חסוי -,"תיאור משרה Planning, designing and automate test suites Define QA work procedures and guidelines, and design the whole testing process for the team Define the test environments and usages Test execution (both manual and automatic) Involvement in the entire development life cycle A team member of an agile development team Report to R&D Team Leader","דרישות התפקיד \At least 5 year experience in hands-on testing in complex multi-platform and multi-component environment Strong understanding of computer programming, software design and development Strong ability to use new technologies and understand them in depth through rapid self-learning Strong experience in QA methodologies Operating Systems - Windows, Linux AWS experience What will help you to stand out?  DevOps experience - Jenkins, pipelines creation and management Automation - Cucumber/Pytest/TestNG GIT Experience with Agile development process Experience working with test automation tools( e.g. Selenium) Python/Java",הייטק-תוכנה & ארכיטקט/ית מערכת,https://www.drushim.co.il/job/30678828/6d047c28/
מפתח/ת Full Stack לארגון בריאות מוביל,קבוצת Aman,"תיאור משרה לארגון בריאות גדול דרוש/ה מפתח/ת Full Stack תמהיל עבודה של כ-70% פיתוח Frontend, 30% פיתוח Backend אחריות על פיתוח ממשקים חדשים ותחזוקה של ממשקים קיימים, פיתוח בהתאם למסמכי אפיון טכניים ונהלי עבודה. עבודה צמודה עם ממשקים כגון מנתחי מערכות, מנהלי פרוייקטים, צוותי תשתיות ועוד. ניתוח והבנה של ממשקים קיימים – ביצוע reverse engineering יכולת תחקור והבנה של תהליכים מורכבים לצורך טיפול בתקלות, עבודה במתודולוגיית Agile.","דרישות התפקיד 4 שנות ניסיון בפיתוח React 3 שנות ניסיון בפיתוח ב- C# .NET Core, Visual Studio עבודה עם WCF ,Web API ,Web Services ,Entity Framework, RESTful API ניסיון בפיתוח צד לקוח בHTML ,CSS , Bootstrap, React ניסיון בעבודה מעל בסיס נתונים רלציוני, כתיבת שאילתות ניסיון בעבודה עם XML, JSON פיתוח מערכות מבוססות Micro-services – יתרון עבודה בסביבת Azure DevOps – יתרון הכרות עם מתודולוגיית עבודה של CI/CD - יתרון",הייטק-תוכנה & REACT & NET. & FULL STACK,https://www.drushim.co.il/%D7%93%D7%A8%D7%95%D7%A9%D7%99%D7%9D-23333-%D7%A7%D7%91%D7%95%D7%A6%D7%AA-%D7%90%D7%9E%D7%9F/
מפתח/ת Full Stack לארגון בריאות מוביל,קבוצת Aman,"תיאור משרה לארגון בריאות גדול דרוש/ה מפתח/ת Full Stack תמהיל עבודה של כ-70% פיתוח Frontend, 30% פיתוח Backend אחריות על פיתוח ממשקים חדשים ותחזוקה של ממשקים קיימים, פיתוח בהתאם למסמכי אפיון טכניים ונהלי עבודה. עבודה צמודה עם ממשקים כגון מנתחי מערכות, מנהלי פרוייקטים, צוותי תשתיות ועוד. ניתוח והבנה של ממשקים קיימים – ביצוע reverse engineering יכולת תחקור והבנה של תהליכים מורכבים לצורך טיפול בתקלות, עבודה במתודולוגיית Agile.","דרישות התפקיד 4 שנות ניסיון בפיתוח React 3 שנות ניסיון בפיתוח ב- C# .NET Core, Visual Studio עבודה עם WCF ,Web API ,Web Services ,Entity Framework, RESTful API ניסיון בפיתוח צד לקוח בHTML ,CSS , Bootstrap, React ניסיון בעבודה מעל בסיס נתונים רלציוני, כתיבת שאילתות ניסיון בעבודה עם XML, JSON פיתוח מערכות מבוססות Micro-services – יתרון עבודה בסביבת Azure DevOps – יתרון הכרות עם מתודולוגיית עבודה של CI/CD - יתרון",הייטק-תוכנה & REACT & NET. & FULL STACK,https://www.drushim.co.il/%D7%93%D7%A8%D7%95%D7%A9%D7%99%D7%9D-23333-%D7%A7%D7%91%D7%95%D7%A6%D7%AA-%D7%90%D7%9E%D7%9F/
Backend Engineer - NodeJS,HighTech Company,"תיאור משרה A Security company is seeking a skilled and experienced Software Engineer with expertise in Node.js and cloud infrastructures, to join our dynamic team. As a Software Engineer, you will play a crucial role in developing and maintaining robust, scalable, and high-performance software solutions. The ideal candidate should have a strong background in Node.js development, along with a deep understanding of platform engineering and cloud software architecture.","דרישות התפקיד 8+ years of experience as a Backend Engineer with an emphasis on Node.js development Proficiency in working with cloud platforms (e.g., AWS, Azure, GCP) Strong understanding of platform operations, infrastructure, and high-scale environments Experience with containerization and orchestration tools (e.g., Docker, Kubernetes) Solid understanding of database systems (SQL and NoSQL) Excellent problem-solving and debugging skills Strong communication and collaboration skills BSc in Computer Science or equivalent experience Experience with React to build components for customer-facing applications – Advantage Knowledge in Golang – Advantage Familiarity with DevOps practices and tools – Advantage Working experience in a Cybersecurity company – Advantage",הייטק-תוכנה & BACKEND & NODEJS & מתכנת/ת,https://www.drushim.co.il/job/30678676/9eee19cf/
Data Engineer,Aqurate,"תיאור משרה מחפשים מועמד/ת תותח/ית עם יכולת לפתור בעיות מורכבות מקצה לקצה, להוביל פרויקטים ואנשים , יכולות פיתוח חזקות ושליטה במתודולוגיות שונות של DWH ועם יחסי אנוש, תקשורת ומוטיבציה גבוהים.","דרישות התפקיד תואר במדעי המחשב / data science / מערכות מידע או תחום רלוונטי אחר. לפחות שבע שנות ניסיון כמהנדס/ת דאטה עם דגש על אינטגרציית דאטה ופיתוח תהליכי ETL/ELT בכלי ETL כגון (Informatica, SSIS, Talend etc.) ניסיון בהובלת פיתוח ואפיון פתרונות E2E DWH לתהליכים מורכבים - אפיון והגדרת צרכים עסקיים, מידול, ארכיטקטורה, פיתוח ובדיקות. שליטה במתודולוגיות DWH (ארכיטקטורת Data ומידול נתונים) ופיתוח (Bi devops) SQL ברמה גבוהה בדגש על ניהול וייעול ביצועים גבוהים. יתרון בפיתוח בסביבות/כלים הבאים: Talend,Oracle, unix,cloud platform ( Azure/GCP)",הייטק-תוכנה & BI & DATA ENGINEER & BIG DATA,https://www.drushim.co.il/%D7%93%D7%A8%D7%95%D7%A9%D7%99%D7%9D-1381854-aqurate/
QA Engineer,HighTech Company,"תיאור משרה "" Define, implement, and monitor Quality methodology. "" Gather and analyze requirements. "" Writing QA Engineering reports. "" Writing STP, STD. "" Prepare and review the functional test plan (test scenarios, conditions, and data). "" Defect and issue identification, logging, tracking, resolution, and reporting. "" Familiar with QA processes and methodologies, Waterfall, and Agile scrum. "" Familiar with SW/HW processes throughout entire Life Cycle. "" Definition and monitoring of Project/Product measurements. "" Lead quality projects cross organization. "" Write scripts for Semi and full automation. "" Starup working mode. "" Setup complexed testing environment using multi testing equipment.","דרישות התפקיד "" Over 5 years experience testing DB, HW & SW products. "" B.Sc. in Computer Engineering, Computer Science, or Electrical Engineering- advantage "" Familiar with QA testing/ bug tracker tools - a must "" Familiar working with various test equipment/ analysers - a must "" Developing semi-automation scripts, for enhanced manual testing. "" Test design & execution, for API feature. "" Designing and executing load testing scripts on Web, OIS and Android application. "" Design, manage & manual execute of cyber security SW test plans. "" Creation and management of test manuals, test procedures and test strategies. "" End-to-End responsibility to the QA processes of a complex architecture security system (continuous integration, AGILE methodology via JIRA). "" End to End tests of DB, API, Web, Mobile, Device "" Strong troubleshooting skills - Log analysis - a must "" Ability to work independently (from feature early phases to completion). "" Strong ability in multi-task environment. "" Ability to monitor tasks and prioritized them. "" Knows how to work as a team player, like in Start-up mode. "" Excellent interpersonal capabilities "" Fluent English "" Ability to write Automation tests - an advantage. "" Ability to learn and apply new technologies quickly. "" Experience in IOT world - an advantage. "" Ability to work in a dynamic environment, in an open space. "" Prior experience developing in C#, OO, Multiprocessing- an advantage. "" Good knowledge working with, NUnit, Rest API, Azure DevOps Pipelines, VSTS, TFS, GIT.",הייטק-QA & איש/ת QA & מהנדס/ת QA,https://www.drushim.co.il/job/30678562/185f05fc/
Microsoft Dynamics 365 CRM Administrator,RYB Technologies,"תיאור משרה What We’re Looking for This role plays a critical role for us and will report to Head of Enterprise Systems - located in the US, will need to available for some US hour meetings. Should be able to perform the Microsoft Dynamics 365 CRM Architect & Admin role.  The Microsoft Dynamics 365 CRM Architect / Admin is an expert of Microsoft suite of products including Dynamics 365, PowerAutomate, Teams, SharePoint and Outlook and should be able to bring the best practices with respect to the products integration and configuration to achieve better customer and user experience.  Roles and Responsibilities Architect the overall Microsoft technical stack across Dynamics 365, Power Automate, Power Apps, SharePoint, Teams, and Outlook to ensure we can maximize the benefits from the Microsoft stack while offering ensuring scalability, flexibility, and agility towards our Partner Onboarding and Experience processes Responsible for the architecture, administration, planning, development, implementation, and maintenance of the Microsoft Platform including Dynamics 365 CRM, Power Automate, Power Apps, SharePoint, and MS Teams Administer all configuration and development changes within Dynamics 365, Power Automate, Power Apps, SharePoint, and MS Teams to support business process and operational requirements Work with the Relationship Management, Business Development, Product, BSA/AML, and IT teams for architecting and delivery of requirements and enhancements in our Dynamics 365, Power Automate, Power Apps, MS Teams, and SharePoint technologies Monitor product roadmaps and assess updates, communicating benefits and implementation timelines to stakeholders Collaborate with developers, integrators, and business partners on system enhancements/upgrades and ensure architecture implications are fully understood and planned for Work collaboratively with team members to troubleshoot and resolve Operations/ERP issues Participate in CRM deployment activities and document the deployment plan/check list - Review and analyze the current state of Microsoft D365 Business Central and develop strategies for further improvement Update and coordinate system configuration changes to enable new processes Manage system updates: collaborate in planning, coordinate system downtime and backup Microsoft D365 Business Central - Create & maintain best practices communication for all areas of Dynamics 365, MS Teams, SharePoint, Power Automate, and Power Apps and document these as appropriate Provide technical support to end users, diagnosing and resolving problems - Document system configuration and changes","דרישות התפקיד Required Skills & Qualification Minimum of 10 years of experience in architecture and administration of software technologies and solutions with a minimum of 5-7 years of experience in architecting and administration in Microsoft Dynamics 365 CRM, Power Automate, Power Apps, SharePoint, and MS Teams - Must Proficient in Hebrew and English both written and verbal, sufficient for achieving consensus and success in a remote and largely asynchronous work environment - Must Experience with implementing changes to Dynamics 365 CRM front end through customization and configuration - Must Experience with D365 Dataverse, PowerApps (model driven), automating business processes with Power Automate - Must Understanding and practice of solutions development methodologies (e.g., DevOps, Agile, Software Development Lifecycle, etc.) - Must Experience building relationships with internal customers and stakeholders Prior work experience as a Business Analyst or Systems Analyst capturing, analyzing, and translating business requirements, specifications, processes, and business cases Creative thinking with the ability to multi-task - Commitment to ongoing professional development Familiar with Common Data Service (CDS) and the Common Data Model (CDM) - Implementations, D365 Upgrades, Migrations, Installation, End-User Training, User Training, IT/Admin Training, Pre, and Post Go-Live Support Strong data quality and management skills, to ensure data integrity, carrying out data cleaning, improvements and de-duplication and understand, report and seek to rectify data quality issues Good understanding of CRM reporting to create dashboards/views/reports to meet business requirements Experience with modifying and maintaining system customization to business processes, workflows, and dialogs; templates; lead nurtures and email sends; fields and forms; among other possible customizations Experience serving in a primary support role for a Microsoft Dynamics environment to include system backup, maintenance, patch updates, error logs, and release management Good working knowledge of SQL server and ability to query in SQL Provided user support as necessary within an organization and acted as first line support and point of escalation for support team Assist with user documentation and troubleshooting of technical issues with the platform Been involved in supporting a user training program - to enable other colleagues to support and learn how best to use the system Knowledge of how to manage and maintain user permissions, security roles and security teams Strong interpersonal skills and ability to be able to work comfortably with both technical and nontechnical stakeholders Ability to respond in a flexible and adaptive manner to support business requirements, when ad hoc requests are made Bonus Experience on portal Implementations, other connected systems and banking domain knowledge would be an added advantage Knowledge of reporting architecture and Power BI would be an added advantage Preferred skills such as Visio and Excel, and basic SQL knowledge are a plus Relevant certifications (e.g., CRM software certifications) are a plus Degree in IT / Computer Science / related discipline",הייטק-תוכנה & תוכניתן/ית ERP / CRM & PROGRAM MANAGER,https://www.drushim.co.il/%D7%93%D7%A8%D7%95%D7%A9%D7%99%D7%9D-1407105-ryb-technologies/
דרוש/ה מיישם/ת SharePoint,בינת מערכות תכנה,"תיאור משרה דרוש/ה מיישם/ת מיישם/ת SharePoint. היכרות טובה עם כלי פיתוח וסביבות: SQL, CSS, SharePoint (online + on Prem) ניסיון של לפחות שנתיים בתפקיד דומה","דרישות התפקיד דרישות חובה: היכרות טובה עם כלי פיתוח וסביבות: SQL, CSS, SharePoint (online + on Prem) ניסיון של לפחות שנתיים בתפקיד דומה יתרונות:  היכרות עם כל סביבת פיתוח / יישום אחרת ניסיון במיגרציה של סביבות SharePoint, עבודה עם Sharegate ניסיון באינטגרציה ו-APIs: יכולת שילוב מערכות מפתרונות אקוסיסטם של AZURE ויישומים חיצוניים עם Power Platform באמצעות APIs ואינטגרציה הכרות כללית עם תשתית בסביבת Microsoft 365, היכרות עם Nintex היכרות בסיסית עם עקרונות ניהול פרויקט ועבודה מתודולוגית, היכרות טובה עם תפישת Agile וכלי ניהול פרויקטים ופיתוח כמו Azure DevOps ו-Jira כישורים נדרשים:  יכולת עבודה ושיתופי פעולה מול צוותים וגורמים מסוימים הבנת צרכי לקוח והקשבה סקרנות בריאה ויכולת הסתגלות לעבוד על פרויקטים שונים ומגוון אתגרים משתנים",הייטק-כללי & מיישם/ת,https://www.drushim.co.il/%D7%93%D7%A8%D7%95%D7%A9%D7%99%D7%9D-9460-%D7%91%D7%99%D7%A0%D7%AA-%D7%9E%D7%A2%D7%A8%D7%9B%D7%95%D7%AA-%D7%AA%D7%9B%D7%A0%D7%94/
"ר""צ יישום ופיתוח Power Apps ו-SharePoint",בינת מערכות תכנה,"תיאור משרה ר""צ יישום ופיתוח Power Apps ו-SharePoint תיאור התפקיד: דרוש/ה ראש צוות יישום ופיתוח למוצרי Power Apps ו-SharePoint. תפקיד מאתגר הכולל ניהול צוות עובדים, פיתוח ויישום פתרונות טכנולוגיים מתקדמים.","דרישות התפקיד דרישות חובה: ניסיון ניהולי של צוות עובדים. היכרות מצוינת עם מוצרי Power Platform עם דגש על Power Apps, Power Automate, ו-Power Pages. היכרות טובה עם כלי פיתוח וסביבות כגון Azure Dataverse, SQL, CSS, JS, JSON, React, ו-SharePoint (on-premises ו-online). ניסיון בכתיבת אפיונים טכניים. יתרונות: ניסיון במיגרציה של סביבות SharePoint ועבודה עם Sharegate. היכרות עם סביבות פיתוח ויישום נוספות. ניסיון באינטגרציה ו-APIs: יכולת שילוב מערכות מפתרונות אקוסיסטם של Azure ויישומים חיצוניים עם Power Platform באמצעות APIs ואינטגרציה. היכרות כללית עם תשתית בסביבת Microsoft 365. היכרות עם Nintex ו-Angular. היכרות בסיסית עם עקרונות ניהול פרויקט ועבודה מתודולוגית, היכרות טובה עם תפישת Agile וכלי ניהול פרויקטים ופיתוח כגון Azure DevOps ו-Jira.",הייטק-תוכנה & ראש צוות פיתוח & PROGRAM MANAGER,https://www.drushim.co.il/%D7%93%D7%A8%D7%95%D7%A9%D7%99%D7%9D-9460-%D7%91%D7%99%D7%A0%D7%AA-%D7%9E%D7%A2%D7%A8%D7%9B%D7%95%D7%AA-%D7%AA%D7%9B%D7%A0%D7%94/
משרה בצפון Release manager,Ready Group,"תיאור משרה אחריות מקצה לקצה לפיתוח ותיקוף המערכת במעבדות, ניסויים ובאתרי הלקוח על כל מרכיביה כחלק מהמערך תוך ראיית צרכי הפרויקט וקשיי המימוש לאורך כל מחזור החיים. הכרה והבנה של המוצר השלם מכלל התשתיות והיישומים במגוון הפלטפורמות המוגדרות ובכך לאפשר את שימור הידע של המוצר וכן הבטחת מוצר זמין ועובד לצרכנים השונים בשלבי הפיתוח השונים.","דרישות התפקיד הבנת תהליכי  DevOps, CICD, ALM יכולת ניתוח מערכות תוכנה ומערכות משלבות תכנה/ חומרה הבנת תהליכי פיתוח מערכות תוכנה היכרות עם עולם השו""ב- יתרון ניסיון בהובלה וביצוע אינטגרציות בין מערכות- יתרון משרה בצפון",הייטק-כללי & DEVOPS & מנהל/ת פרויקטים & תשתיות,https://www.drushim.co.il/%D7%93%D7%A8%D7%95%D7%A9%D7%99%D7%9D-1475999-%D7%A8%D7%99%D7%99%D7%A6%D7%99%D7%A4/
איש/אשת תשתיות בסביבת Kubernetes,Malam מערכות,"תיאור משרה אגף השירות ותשתיות מחפשים איש תשתיות לעולמות ה- Kubernetes, לביצוע פרויקטים ותמיכה עבור לקוחות החברה התפקיד כולל הקמה וניהול סביבת תשתיות OpenShift, VMware, Vanilla (Kubernetes), הגדרה והפעלת כלי אוטומציה.  לאן צריך להגיע? משרדנו בפתח תקווה אבל התפקיד כולל נסיעה ללקוחות גדולים ומגוונים ברחבי הארץ","דרישות התפקיד מה אנחנו צריכים ממך? ניסיון של שנתיים לפחות כאיש/אשת System בתשתיות IT הכוללות שרתי Linux (RHEL, SUSE)  ניסיון באפיון, הקמה וניהול סביבות Kubernetes  - OpenShift, Vanilla, Tanzu ניסיון בניהול ותחזוקת מערכות גיבוי לסביבות Kubernetes (Kasten) ניסיון בכתיבת סקריפטים Python, Bash  ניסיון בעבודה עם כלי אוטומציה -   Ansible, Satellite ,Git , Terraform ניסיון בעבודה מול תשתיות ענן AWS, Azure, Gcp  - יתרון סווג בטחוני - יתרון",הייטק-כללי & תשתיות & DEVOPS & אינטגרטור/ית,https://www.drushim.co.il/%D7%93%D7%A8%D7%95%D7%A9%D7%99%D7%9D-2928587-malam-%D7%9E%D7%A2%D7%A8%D7%9B%D7%95%D7%AA/
"למחלקת R&D מפתח ""פול סטאק"" רילוקישן לקפריסין",Easy Up,"תיאור משרה אחראי על פיתוח ו/או עיצוב פתרונות מבוססי אינטרנט עבור הקבוצה. עבודה בצוות מפתחים, ביצירה, תחזוקה ועדכון של פתרונות הקבוצה  * כתיבת קוד מעוצב היטב, ניתן לבדיקה ויעיל באמצעות שיטות פיתוח תוכנה מיטביות. * יצירת פריסת פתרונות מבוססי אינטרנט/ממשק משתמש על ידי שימוש בשיטות HTML/CSS. * שילוב נתונים משירותי קצה ומסדי נתונים שונים באמצעות PHP, MySQL. * איסוף וחידוד מפרטים ודרישות על בסיס צרכים טכניים. * יצירה ותחזוקה של תיעוד תוכנה. * אחריות לתחזוקה והרחבה של פתרונות מבוססי אינטרנט.","דרישות התפקיד * תואר ראשון במדעי המחשב/פיתוח אתרים או תחום רלוונטי. * ידע וניסיון מוצק בתכנות יישומים. * ניסיון ב PHP, CSS, HTML, JQuery, JavaScript. * ניסיון ב My SQL. * שחקן צוות מסור. * יכולת עבודה בסביבה בקצב מהיר. * אנגלית ברמה גבוהה הכוללת יכולת ביטוי בכתב ובע""פ. * ידע בשפת תכנות ומינוח טכני. * יכולת פיתוח רעיונות ותהליכים והבעתם בצורה ברורה. * מסוגלות לפתירת בעיות מורכבות. ***המשרה מיועדת לנשים וגברים כאחד. ***תנאים טובים למתאימים! ***המשרה דורשת מעבר לקפריסין ***יתרון לגרים בקפריסין",הייטק-תוכנה & מפתח/ת WEB & FULL STACK & DEVOPS,https://www.drushim.co.il/%D7%93%D7%A8%D7%95%D7%A9%D7%99%D7%9D-3296047-%D7%90%D7%99%D7%96%D7%99-%D7%90%D7%A4/
איש\ת IT,בינת מערכות תכנה,תיאור משרה לבינת מערכות תוכנה דרוש\ה איש\ת סיסטם פונקציה יחידה בחברה,"דרישות התפקיד ניסיון 5 שנים בניהול שרתים של חברה ניסיון עם VMWARE- תחזוקה AD, 365, GPO, DHCP DNS - חובה ניסיון עם SHAREPOINT - התקנה וגיבויים-יתרון ניסיון עם LINUX - יתרון ידע בSQL - ניהול שאילתות וניסיון בהתקנה.",הייטק-כללי & איש/ת IT & SYS ADMIN WIN & DEVOPS,https://www.drushim.co.il/%D7%93%D7%A8%D7%95%D7%A9%D7%99%D7%9D-9460-%D7%91%D7%99%D7%A0%D7%AA-%D7%9E%D7%A2%D7%A8%D7%9B%D7%95%D7%AA-%D7%AA%D7%9B%D7%A0%D7%94/
