Title 1, Company, Title 2, Job description, Requirments, Link, Categories
טכנאי PC / שטח באיזור מרכז וירושלים במיידי,yesnet כל פתרונותTitle 1, Company, Title 2, Job description, Requirments, Link, Categories
מנהל/ת רשת ג'וניור במיידי,yesnet כל פתרונותTitle 1, Company, Title 2, Job description, Requirments, Link, Categories
מנתח/ת מערכות דיגיטל,מרטנס הופמן- MALAM TEAMTitle 1, Company, Title 2, Job description, Requirments, Link, Categories
Cloud Support Engineer,אזטק טכנולוגיותTitle 1, Company, Title 2, Job description, Requirments, Link, Categories
איש תקשורת ורשתות,בינת סמךTitle 1, Company, Title 2, Job description, Requirments, Link, Categories
מנהל/ת רשת מחשוב? ההזדמנות הבאה לפניך!,מרטנס הופמן- MALAM TEAMTitle 1, Company, Title 2, Job description, Requirments, Link, Categories
איש סיסטם & Devops,קבוצת AmanTitle 1, Company, Title 2, Job description, Requirments, Link, Categories
מיישמ\ת אוטומציה לתחום Automic,בינת תקשורת מחשביםTitle 1, Company, Title 2, Job description, Requirments, Link, Categories
הנדסאי/ת אינטגרציה תוכנה,קורן טק טכנולוגיותTitle 1, Company, Title 2, Job description, Requirments, Link, Categories
בקר סיסטם למרכז OPS טכנולוגי / Sys Admin Tier 1+2,אקספיםTitle 1, Company, Title 2, Job description, Requirments, Link, Categories
לחברה ביטחונית בחיפה, איש/אשת סיסטם,ALLSTARSITTitle 1, Company, Title 2, Job description, Requirments, Link, Categories
דרוש/ה נציג/ה תמיכה לעבודה מהבית,רב מסר בע"מTitle 1, Company, Title 2, Job description, Requirments, Link, Categories
מיישם/ת מערכות ביטוח כללי,מגדל חברה לביטוחTitle 1, Company, Title 2, Job description, Requirments, Link, Categories
לחברה אינטגרציה דרוש איש/ת Help Desk System,MissRuthTitle 1, Company, Title 2, Job description, Requirments, Link, Categories
תומך/ת טכני,matrixTitle 1, Company, Title 2, Job description, Requirments, Link, Categories
לחברת תוכנה דרוש /ה תומך/ת טכני/ת במוצרי החברה,קופרטוTitle 1, Company, Title 2, Job description, Requirments, Link, Categories
טכנאי/ת PC,matrixTitle 1, Company, Title 2, Job description, Requirments, Link, Categories
איש/ת תקשורת ואבטחת מידע,matrixTitle 1, Company, Title 2, Job description, Requirments, Link, Categories
Application Support Specialist,+ קבוצת שטראוס +Title 1, Company, Title 2, Job description, Requirments, Link, Categories
טכנאי מחשבים,מור לוי טכנולוגיות בע"מTitle 1, Company, Title 2, Job description, Requirments, Link, Categories
IT End Point Specialist (VP and C Level Support),+ קבוצת שטראוס +Title 1, Company, Title 2, Job description, Requirments, Link, Categories
Cloud cybersecurity analyst,matrixTitle 1, Company, Title 2, Job description, Requirments, Link, Categories
סיסטם ג'וניור עם שליחות לחו"ל,בינת סמךTitle 1, Company, Title 2, Job description, Requirments, Link, Categories
תומך/ת טלפוני/ת IP,one systemsTitle 1, Company, Title 2, Job description, Requirments, Link, Categories
Salesforce\Netsuite Developer,I-CloudiusTitle 1, Company, Title 2, Job description, Requirments, Link, Categories
תומכ/ת מיחשוב פרונטלי-פתח תקווה,one systemsTitle 1, Company, Title 2, Job description, Requirments, Link, Categories
מנהל.ת פרויקטים ודאטה אנליסט.ית,פתחון-לבTitle 1, Company, Title 2, Job description, Requirments, Link, Categories
עובד/ת ייצור ואינטגרציה,אליפסה הנדסהTitle 1, Company, Title 2, Job description, Requirments, Link, Categories
טכנאי/ת מחשבים ורשתות,one systemsTitle 1, Company, Title 2, Job description, Requirments, Link, Categories
תומך/ת IT טלפוני לחברה מובילה בפתח תקווה,one systemsTitle 1, Company, Title 2, Job description, Requirments, Link, Categories
דרוש/ה טכנאי/ת PC בתל אביב,חסויTitle 1, Company, Title 2, Job description, Requirments, Link, Categories
Cyber Security Support Engineer- MSSP team,TrustNetTitle 1, Company, Title 2, Job description, Requirments, Link, Categories
טכנאי PC-אילת,one systemsTitle 1, Company, Title 2, Job description, Requirments, Link, Categories
איש/ת IT- דריסת רגל בתחום הסיסטם בתפקיד בין-לאומי!,matrixTitle 1, Company, Title 2, Job description, Requirments, Link, Categories
טכנאי/ת PC-משרה חיונית!,one systemsTitle 1, Company, Title 2, Job description, Requirments, Link, Categories
עובד/ת System + חנייה חינם,- חסוי -Title 1, Company, Title 2, Job description, Requirments, Link, Categories
נציגי.ות תמיכה טכנולוגי לעסקים - IP VPN בירושלים,בזקTitle 1, Company, Title 2, Job description, Requirments, Link, Categories
איש/אשת NOC,אליפסה הנדסהTitle 1, Company, Title 2, Job description, Requirments, Link, Categories
מפתח/ת QLIK,נוגמי טק בע"מTitle 1, Company, Title 2, Job description, Requirments, Link, Categories
Junior System Admin,Spider solutionTitle 1, Company, Title 2, Job description, Requirments, Link, Categories
BI Engineer,- חסוי -Title 1, Company, Title 2, Job description, Requirments, Link, Categories
BI Engineer,- חסוי -Title 1, Company, Title 2, Job description, Requirments, Link, Categories
מפתח/ת אינפורמטיקה,נוגמי טק בע"מTitle 1, Company, Title 2, Job description, Requirments, Link, Categories
מנהל/ת תפעול במערכות מידע בעל/ת 3-5 שנים נסיון,חסויTitle 1, Company, Title 2, Job description, Requirments, Link, Categories
נציג/ת תמיכה והדרכה,LeaderTitle 1, Company, Title 2, Job description, Requirments, Link, Categories
איש/ת system,SPD HostingTitle 1, Company, Title 2, Job description, Requirments, Link, Categories
אנליסט/ית/ תומך/ת מערכת לניהול סחר בחשמל,נגה- ניהול מערכת החשמלTitle 1, Company, Title 2, Job description, Requirments, Link, Categories
Linux System Administrator/DevOps,- חסוי -Title 1, Company, Title 2, Job description, Requirments, Link, Categories
טכנאי/ת PC לביצוע התקנות תוכנה,- חסוי -Title 1, Company, Title 2, Job description, Requirments, Link, Categories
מומחה/ית מכירה - אבטחת מידע,בזק בינלאומיTitle 1, Company, Title 2, Job description, Requirments, Link, Categories
DevOps Engineer,ProceedTitle 1, Company, Title 2, Job description, Requirments, Link, Categories
טכנאי/ת PC / תמיכה,- חסוי -Title 1, Company, Title 2, Job description, Requirments, Link, Categories
מיישם פריוריטי למחלקת שירות לקוחות,FBCTitle 1, Company, Title 2, Job description, Requirments, Link, Categories
אחראי/ת מערכות מידע בחברה מסחרית קמעונאית מוכרת!,HR SystemsTitle 1, Company, Title 2, Job description, Requirments, Link, Categories
בקר/ית NOC,קבוצת יעלTitle 1, Company, Title 2, Job description, Requirments, Link, Categories
דרוש/ה מיישם פריוריטי,FBCTitle 1, Company, Title 2, Job description, Requirments, Link, Categories
מפתח/ת אינטגרציה,- חסוי -Title 1, Company, Title 2, Job description, Requirments, Link, Categories
מיישם/ת SAP,קבוצת יעלTitle 1, Company, Title 2, Job description, Requirments, Link, Categories
מפתח/ת BI מנוסה עם ידע טכני חזק,log-onTitle 1, Company, Title 2, Job description, Requirments, Link, Categories
מדריך/ת ומטמיע/ת מערכות,קבוצת יעלTitle 1, Company, Title 2, Job description, Requirments, Link, Categories
אנחנו מתרחבים ומחפשים טכנאי/ת PC למשרה מלאה,CALANIT by oneTitle 1, Company, Title 2, Job description, Requirments, Link, Categories
מיישם הגנת סייבר ואבטחת המידע,המכללה האקדמית צפתTitle 1, Company, Title 2, Job description, Requirments, Link, Categories
מיישם/ת ג'וניור SAP לוגיסטי,XacTechTitle 1, Company, Title 2, Job description, Requirments, Link, Categories
מתקין/ת /טכנאי /ת רשתות תקשורת ומחשבים,אספיירהום אודיו פלוס